model,example_id,criterion_index,run0,run1,run2,run3,run4,mean,std,range
qwen25vl,101_c0,0,3.0,3.0,3.0,3.0,3.0,3.0,0.0,0.0
qwen25vl,101_c1,1,1.0,2.0,1.0,1.0,2.0,1.4,0.5477225575051661,1.0
qwen25vl,101_c2,2,3.0,3.0,3.0,3.0,3.0,3.0,0.0,0.0
qwen25vl,101_c3,3,2.0,2.0,0.0,1.0,0.0,1.0,1.0,2.0
qwen25vl,103_c0,0,3.0,3.0,2.0,1.0,2.0,2.2,0.8366600265340756,2.0
qwen25vl,103_c1,1,1.0,2.0,2.0,2.0,3.0,2.0,0.7071067811865476,2.0
qwen25vl,103_c2,2,2.0,3.0,2.0,2.0,2.0,2.2,0.44721359549995787,1.0
qwen25vl,103_c3,3,2.0,1.0,2.0,3.0,2.0,2.0,0.7071067811865476,2.0
qwen25vl,106_c0,0,2.0,2.0,2.0,2.0,2.0,2.0,0.0,0.0
qwen25vl,106_c1,1,2.0,2.0,2.0,2.0,2.0,2.0,0.0,0.0
qwen25vl,106_c2,2,2.0,1.75,1.75,2.0,1.75,1.85,0.13693063937629155,0.25
qwen25vl,110_c0,0,2.0,2.0,2.0,2.0,2.0,2.0,0.0,0.0
qwen25vl,110_c1,1,2.0,2.0,2.0,2.0,2.0,2.0,0.0,0.0
qwen25vl,110_c2,2,1.75,1.75,1.75,1.25,1.0,1.5,0.3535533905932738,0.75
qwen25vl,117_c0,0,2.0,2.0,2.0,2.0,2.0,2.0,0.0,0.0
qwen25vl,117_c1,1,1.25,1.75,1.75,2.0,1.75,1.7,0.27386127875258304,0.75
qwen25vl,117_c2,2,1.75,1.75,1.75,2.0,1.75,1.8,0.11180339887498948,0.25
qwen25vl,119_c0,0,2.0,2.0,2.0,1.75,2.0,1.95,0.11180339887498948,0.25
qwen25vl,119_c1,1,2.0,2.0,2.0,2.0,2.0,2.0,0.0,0.0
qwen25vl,119_c2,2,1.75,1.75,2.0,1.75,1.75,1.8,0.11180339887498948,0.25
qwen25vl,122_c0,0,2.0,2.0,1.75,1.75,2.0,1.9,0.13693063937629155,0.25
qwen25vl,122_c1,1,2.0,2.0,2.0,2.0,2.0,2.0,0.0,0.0
qwen25vl,122_c2,2,1.25,1.75,1.75,1.75,1.75,1.65,0.22360679774997894,0.5
qwen25vl,127_c0,0,2.0,2.0,2.0,2.0,2.0,2.0,0.0,0.0
qwen25vl,127_c1,1,2.0,2.0,2.0,2.0,2.0,2.0,0.0,0.0
qwen25vl,127_c2,2,1.75,1.75,1.75,1.75,1.75,1.75,0.0,0.0
qwen25vl,12_c0,0,2.0,2.0,1.0,2.0,2.0,1.8,0.4472135954999579,1.0
qwen25vl,12_c1,1,1.0,0.0,0.0,0.0,1.0,0.4,0.5477225575051662,1.0
qwen25vl,12_c2,2,0.5,0.5,0.5,0.5,0.5,0.5,0.0,0.0
qwen25vl,12_c3,3,0.5,0.5,0.5,0.5,0.5,0.5,0.0,0.0
qwen25vl,142_c0,0,2.5,2.0,3.0,2.5,2.0,2.4,0.4183300132670378,1.0
qwen25vl,142_c1,1,2.0,1.0,1.0,1.0,1.0,1.2,0.44721359549995804,1.0
qwen25vl,142_c2,2,2.0,1.5,2.0,1.5,1.0,1.6,0.4183300132670378,1.0
qwen25vl,142_c3,3,1.5,1.0,1.0,1.0,1.0,1.1,0.22360679774997894,0.5
qwen25vl,143_c0,0,1.5,2.0,1.5,1.5,1.5,1.6,0.22360679774997894,0.5
qwen25vl,143_c1,1,0.0,1.0,1.0,0.0,0.0,0.4,0.5477225575051662,1.0
qwen25vl,143_c2,2,1.5,1.0,1.0,1.0,1.0,1.1,0.22360679774997894,0.5
qwen25vl,143_c3,3,1.0,1.0,1.0,1.0,1.0,1.0,0.0,0.0
qwen25vl,144_c0,0,2.0,2.5,2.0,2.5,2.5,2.3,0.2738612787525831,0.5
qwen25vl,144_c1,1,1.0,1.0,1.0,1.0,1.0,1.0,0.0,0.0
qwen25vl,144_c2,2,2.0,1.0,1.0,1.5,1.0,1.3,0.4472135954999579,1.0
qwen25vl,144_c3,3,1.5,1.0,1.0,1.0,1.0,1.1,0.22360679774997894,0.5
qwen25vl,146_c0,0,2.5,2.5,1.5,1.5,2.5,2.1,0.5477225575051661,1.0
qwen25vl,146_c1,1,1.5,2.0,1.0,2.0,2.0,1.7,0.4472135954999579,1.0
qwen25vl,146_c2,2,1.5,2.0,1.5,2.0,2.0,1.8,0.27386127875258304,0.5
qwen25vl,146_c3,3,1.0,1.0,1.0,1.0,1.0,1.0,0.0,0.0
qwen25vl,147_c0,0,2.5,2.5,2.5,2.5,2.5,2.5,0.0,0.0
qwen25vl,147_c1,1,2.0,1.5,2.0,2.0,1.5,1.8,0.27386127875258304,0.5
qwen25vl,147_c2,2,2.0,1.0,2.0,2.0,1.0,1.6,0.5477225575051661,1.0
qwen25vl,147_c3,3,1.0,1.0,1.0,1.5,1.0,1.1,0.22360679774997896,0.5
qwen25vl,150_c0,0,2.5,2.0,2.5,2.5,3.0,2.5,0.3535533905932738,1.0
qwen25vl,150_c1,1,2.0,1.0,2.0,2.0,2.0,1.8,0.44721359549995804,1.0
qwen25vl,150_c2,2,2.0,2.0,2.0,1.5,1.5,1.8,0.27386127875258304,0.5
qwen25vl,150_c3,3,1.0,1.0,1.0,1.5,1.5,1.2,0.27386127875258304,0.5
qwen25vl,161_c0,0,3.0,3.0,3.0,2.5,3.0,2.9,0.22360679774997896,0.5
qwen25vl,161_c1,1,2.0,1.5,1.0,1.5,1.0,1.4,0.4183300132670378,1.0
qwen25vl,161_c2,2,0.0,1.0,1.0,1.0,1.0,0.8,0.44721359549995804,1.0
qwen25vl,161_c3,3,1.0,1.0,1.5,1.0,1.0,1.1,0.22360679774997896,0.5
qwen25vl,169_c0,0,2.5,2.0,2.0,2.5,2.5,2.3,0.2738612787525831,0.5
qwen25vl,169_c1,1,2.5,2.0,2.0,2.0,1.5,2.0,0.3535533905932738,1.0
qwen25vl,169_c2,2,1.5,1.5,1.5,2.0,1.5,1.6,0.22360679774997896,0.5
qwen25vl,169_c3,3,1.0,1.5,1.0,1.5,1.0,1.2,0.27386127875258304,0.5
qwen25vl,173_c0,0,3.0,3.0,2.0,2.5,3.0,2.7,0.4472135954999579,1.0
qwen25vl,173_c1,1,3.0,2.5,3.0,3.0,3.0,2.9,0.22360679774997894,0.5
qwen25vl,173_c2,2,2.0,2.0,2.0,2.0,2.0,2.0,0.0,0.0
qwen25vl,173_c3,3,2.0,1.5,1.5,1.5,1.5,1.6,0.22360679774997894,0.5
qwen25vl,177_c0,0,2.5,2.5,2.5,3.0,2.5,2.6,0.22360679774997896,0.5
qwen25vl,177_c1,1,0.0,0.0,0.0,0.0,0.0,0.0,0.0,0.0
qwen25vl,177_c2,2,0.0,0.0,0.0,0.0,0.0,0.0,0.0,0.0
qwen25vl,177_c3,3,1.0,1.0,1.0,1.0,1.0,1.0,0.0,0.0
qwen25vl,182_c0,0,1.0,1.0,1.0,1.0,1.0,1.0,0.0,0.0
qwen25vl,182_c1,1,2.0,2.0,2.0,2.0,2.0,2.0,0.0,0.0
qwen25vl,182_c2,2,1.0,1.0,2.0,1.0,2.0,1.4,0.5477225575051661,1.0
qwen25vl,182_c3,3,1.0,1.0,1.0,1.0,1.0,1.0,0.0,0.0
qwen25vl,189_c0,0,1.0,1.0,1.0,1.0,1.0,1.0,0.0,0.0
qwen25vl,189_c1,1,3.0,3.0,2.0,3.0,2.0,2.6,0.5477225575051661,1.0
qwen25vl,189_c2,2,2.0,2.0,1.0,2.0,1.0,1.6,0.5477225575051661,1.0
qwen25vl,189_c3,3,1.0,2.0,1.0,1.0,1.0,1.2,0.44721359549995804,1.0
qwen25vl,18_c0,0,1.0,1.0,1.0,1.0,1.0,1.0,0.0,0.0
qwen25vl,18_c1,1,2.0,1.0,2.0,1.0,1.0,1.4,0.5477225575051661,1.0
qwen25vl,18_c2,2,0.5,0.5,0.5,0.5,0.5,0.5,0.0,0.0
qwen25vl,18_c3,3,0.5,0.5,0.5,0.5,0.5,0.5,0.0,0.0
qwen25vl,190_c0,0,1.0,1.0,1.0,1.0,1.0,1.0,0.0,0.0
qwen25vl,190_c1,1,3.0,3.0,2.0,2.0,3.0,2.6,0.5477225575051661,1.0
qwen25vl,190_c2,2,2.0,2.0,2.0,2.0,2.0,2.0,0.0,0.0
qwen25vl,190_c3,3,1.0,1.0,1.0,2.0,2.0,1.4,0.5477225575051661,1.0
qwen25vl,196_c0,0,1.0,2.0,2.0,1.0,1.0,1.4,0.5477225575051661,1.0
qwen25vl,196_c1,1,2.0,2.0,3.0,3.0,2.0,2.4,0.5477225575051661,1.0
qwen25vl,196_c2,2,2.0,1.0,2.0,1.0,2.0,1.6,0.5477225575051661,1.0
qwen25vl,196_c3,3,1.0,1.0,2.0,1.0,1.0,1.2,0.4472135954999579,1.0
qwen25vl,205_c0,0,1.0,1.0,1.0,1.0,1.0,1.0,0.0,0.0
qwen25vl,205_c1,1,1.0,1.0,1.0,1.0,1.0,1.0,0.0,0.0
qwen25vl,205_c2,2,1.0,1.0,1.0,1.0,0.0,0.8,0.4472135954999579,1.0
qwen25vl,205_c3,3,1.0,1.0,1.0,1.0,1.0,1.0,0.0,0.0
qwen25vl,208_c0,0,1.0,1.0,2.0,1.0,2.0,1.4,0.5477225575051661,1.0
qwen25vl,208_c1,1,2.0,2.0,1.0,3.0,2.0,2.0,0.7071067811865476,2.0
qwen25vl,208_c2,2,2.0,2.0,2.0,2.0,2.0,2.0,0.0,0.0
qwen25vl,208_c3,3,1.0,1.0,1.0,1.0,1.0,1.0,0.0,0.0
qwen25vl,216_c0,0,2.0,2.0,2.0,2.0,2.0,2.0,0.0,0.0
qwen25vl,216_c1,1,2.0,1.0,1.0,2.0,2.0,1.6,0.5477225575051661,1.0
qwen25vl,216_c2,2,0.0,0.0,0.0,0.0,0.0,0.0,0.0,0.0
qwen25vl,216_c3,3,1.0,1.0,0.0,1.0,1.0,0.8,0.4472135954999579,1.0
qwen25vl,216_c4,4,0.0,0.0,0.0,0.0,0.0,0.0,0.0,0.0
qwen25vl,222_c0,0,2.0,2.0,2.0,2.0,2.0,2.0,0.0,0.0
qwen25vl,222_c1,1,1.0,1.0,1.0,1.0,1.0,1.0,0.0,0.0
qwen25vl,222_c2,2,0.0,0.0,0.0,0.0,0.0,0.0,0.0,0.0
qwen25vl,222_c3,3,0.0,0.0,0.0,0.0,0.0,0.0,0.0,0.0
qwen25vl,222_c4,4,0.0,0.0,0.0,0.0,0.0,0.0,0.0,0.0
qwen25vl,228_c0,0,2.0,2.0,2.0,2.0,2.0,2.0,0.0,0.0
qwen25vl,228_c1,1,2.0,3.0,2.0,2.0,2.0,2.2,0.44721359549995787,1.0
qwen25vl,228_c2,2,0.0,1.0,1.0,1.0,1.0,0.8,0.44721359549995804,1.0
qwen25vl,228_c3,3,1.0,1.0,1.0,1.0,1.0,1.0,0.0,0.0
qwen25vl,228_c4,4,1.0,0.0,0.0,0.0,0.0,0.2,0.44721359549995804,1.0
qwen25vl,247_c0,0,2.0,2.0,2.0,2.0,2.0,2.0,0.0,0.0
qwen25vl,247_c1,1,3.0,3.0,3.0,3.0,4.0,3.2,0.4472135954999579,1.0
qwen25vl,247_c2,2,2.0,2.0,2.0,2.0,2.0,2.0,0.0,0.0
qwen25vl,247_c3,3,1.0,1.0,1.0,1.0,1.0,1.0,0.0,0.0
qwen25vl,247_c4,4,1.0,1.0,1.0,1.0,1.0,1.0,0.0,0.0
qwen25vl,259_c0,0,2.0,2.0,2.0,2.0,2.0,2.0,0.0,0.0
qwen25vl,259_c1,1,3.0,3.0,2.0,2.0,2.0,2.4,0.5477225575051661,1.0
qwen25vl,259_c2,2,2.0,1.0,1.0,1.0,1.0,1.2,0.44721359549995804,1.0
qwen25vl,259_c3,3,1.0,1.0,1.0,1.0,1.0,1.0,0.0,0.0
qwen25vl,259_c4,4,1.0,0.0,1.0,1.0,1.0,0.8,0.44721359549995804,1.0
qwen25vl,263_c0,0,2.0,2.0,2.0,2.0,2.0,2.0,0.0,0.0
qwen25vl,263_c1,1,3.0,2.0,2.0,2.0,3.0,2.4,0.5477225575051661,1.0
qwen25vl,263_c2,2,1.0,2.0,1.0,1.0,1.0,1.2,0.44721359549995804,1.0
qwen25vl,263_c3,3,0.0,0.0,0.0,0.0,0.0,0.0,0.0,0.0
qwen25vl,263_c4,4,0.0,1.0,1.0,1.0,1.0,0.8,0.44721359549995804,1.0
qwen25vl,264_c0,0,2.0,2.0,2.0,2.0,2.0,2.0,0.0,0.0
qwen25vl,264_c1,1,2.0,2.0,2.0,2.0,2.0,2.0,0.0,0.0
qwen25vl,264_c2,2,0.0,0.0,0.0,0.0,0.0,0.0,0.0,0.0
qwen25vl,264_c3,3,1.0,1.0,1.0,1.0,1.0,1.0,0.0,0.0
qwen25vl,264_c4,4,0.0,0.0,0.0,0.0,0.0,0.0,0.0,0.0
qwen25vl,268_c0,0,2.0,2.0,2.0,2.0,2.0,2.0,0.0,0.0
qwen25vl,268_c1,1,2.0,3.0,2.0,3.0,3.0,2.6,0.5477225575051661,1.0
qwen25vl,268_c2,2,2.0,2.0,2.0,2.0,1.0,1.8,0.4472135954999579,1.0
qwen25vl,268_c3,3,1.0,1.0,1.0,1.0,1.0,1.0,0.0,0.0
qwen25vl,268_c4,4,1.0,1.0,1.0,1.0,0.0,0.8,0.4472135954999579,1.0
qwen25vl,277_c0,0,2.0,2.0,2.0,2.0,2.0,2.0,0.0,0.0
qwen25vl,277_c1,1,2.0,1.0,2.0,2.0,2.0,1.8,0.44721359549995804,1.0
qwen25vl,277_c2,2,0.0,0.0,0.0,0.0,0.0,0.0,0.0,0.0
qwen25vl,277_c3,3,0.0,0.0,0.0,0.0,0.0,0.0,0.0,0.0
qwen25vl,277_c4,4,0.0,0.0,0.0,0.0,0.0,0.0,0.0,0.0
qwen25vl,27_c0,0,2.5,2.5,2.5,2.5,2.5,2.5,0.0,0.0
qwen25vl,27_c1,1,2.5,2.5,2.5,2.5,2.5,2.5,0.0,0.0
qwen25vl,27_c2,2,1.5,2.5,2.5,2.5,2.5,2.3,0.44721359549995787,1.0
qwen25vl,27_c3,3,2.5,2.5,2.5,2.5,2.5,2.5,0.0,0.0
qwen25vl,281_c2,2,1.0,0.0,1.0,1.0,0.0,0.6,0.5477225575051662,1.0
qwen25vl,281_def,0,3.0,2.0,2.0,3.0,3.0,2.6,0.5477225575051661,1.0
qwen25vl,281_ex,3,0.0,0.0,0.0,0.0,0.0,0.0,0.0,0.0
qwen25vl,281_kdd,1,3.0,3.0,3.0,4.0,4.0,3.4,0.5477225575051661,1.0
qwen25vl,287_c2,2,3.0,4.0,3.0,3.0,2.0,3.0,0.7071067811865476,2.0
qwen25vl,287_def,0,3.0,3.0,3.0,3.0,3.0,3.0,0.0,0.0
qwen25vl,287_ex,3,0.0,0.0,0.0,0.0,0.0,0.0,0.0,0.0
qwen25vl,287_kdd,1,4.0,3.0,4.0,4.0,4.0,3.8,0.44721359549995787,1.0
qwen25vl,291_c2,2,1.0,2.0,2.0,0.0,0.0,1.0,1.0,2.0
qwen25vl,291_def,0,1.0,3.0,2.0,3.0,2.0,2.2,0.8366600265340756,2.0
qwen25vl,291_ex,3,0.0,0.0,0.0,0.0,0.0,0.0,0.0,0.0
qwen25vl,291_kdd,1,2.0,2.0,2.0,2.0,2.0,2.0,0.0,0.0
qwen25vl,298_c2,2,3.0,4.0,3.0,2.0,3.0,3.0,0.7071067811865476,2.0
qwen25vl,298_def,0,2.0,3.0,3.0,3.0,3.0,2.8,0.44721359549995787,1.0
qwen25vl,298_ex,3,4.0,4.0,4.0,4.0,4.0,4.0,0.0,0.0
qwen25vl,298_kdd,1,4.0,4.0,3.0,4.0,3.0,3.6,0.5477225575051661,1.0
qwen25vl,301_c2,2,0.0,1.0,2.0,1.0,1.0,1.0,0.7071067811865476,2.0
qwen25vl,301_def,0,3.0,3.0,2.0,3.0,3.0,2.8,0.4472135954999579,1.0
qwen25vl,301_ex,3,0.0,0.0,0.0,0.0,0.0,0.0,0.0,0.0
qwen25vl,301_kdd,1,3.0,3.0,4.0,3.0,2.0,3.0,0.7071067811865476,2.0
qwen25vl,309_c2,2,1.0,0.0,0.0,0.0,0.0,0.2,0.44721359549995804,1.0
qwen25vl,309_def,0,0.0,0.0,0.0,0.0,0.0,0.0,0.0,0.0
qwen25vl,309_ex,3,0.0,0.0,0.0,0.0,0.0,0.0,0.0,0.0
qwen25vl,309_kdd,1,0.0,0.0,0.0,0.0,0.0,0.0,0.0,0.0
qwen25vl,316_c2,2,4.0,4.0,3.0,4.0,3.0,3.6,0.5477225575051661,1.0
qwen25vl,316_def,0,3.0,2.0,3.0,3.0,3.0,2.8,0.44721359549995787,1.0
qwen25vl,316_ex,3,0.0,0.0,0.0,0.0,0.0,0.0,0.0,0.0
qwen25vl,316_kdd,1,4.0,3.0,3.0,3.0,4.0,3.4,0.5477225575051661,1.0
qwen25vl,320_c2,2,4.0,0.0,0.0,4.0,4.0,2.4,2.1908902300206647,4.0
qwen25vl,320_def,0,0.0,0.0,0.0,4.0,0.0,0.8,1.788854381999832,4.0
qwen25vl,320_ex,3,0.0,0.0,0.0,0.0,0.0,0.0,0.0,0.0
qwen25vl,320_kdd,1,0.0,0.0,0.0,0.0,0.0,0.0,0.0,0.0
qwen25vl,337_c0,0,4.0,4.0,4.0,4.0,4.0,4.0,0.0,0.0
qwen25vl,337_c1,1,4.0,4.0,4.0,4.0,4.0,4.0,0.0,0.0
qwen25vl,337_c2,2,3.0,3.0,3.0,3.0,3.0,3.0,0.0,0.0
qwen25vl,337_c3,3,4.0,4.0,4.0,4.0,4.0,4.0,0.0,0.0
qwen25vl,343_c0,0,3.0,4.0,4.0,4.0,4.0,3.8,0.44721359549995787,1.0
qwen25vl,343_c1,1,3.0,4.0,3.0,3.0,3.0,3.2,0.44721359549995787,1.0
qwen25vl,343_c2,2,2.0,3.0,3.0,3.0,2.0,2.6,0.5477225575051661,1.0
qwen25vl,343_c3,3,3.0,3.0,3.0,3.0,2.0,2.8,0.4472135954999579,1.0
qwen25vl,347_c0,0,3.0,4.0,3.0,3.0,3.0,3.2,0.44721359549995787,1.0
qwen25vl,347_c1,1,3.0,3.0,3.0,3.0,3.0,3.0,0.0,0.0
qwen25vl,347_c2,2,3.0,2.0,3.0,3.0,3.0,2.8,0.44721359549995787,1.0
qwen25vl,347_c3,3,3.0,2.0,3.0,2.0,3.0,2.6,0.5477225575051661,1.0
qwen25vl,351_c0,0,4.0,4.0,3.0,3.0,4.0,3.6,0.5477225575051661,1.0
qwen25vl,351_c1,1,3.0,4.0,3.0,3.0,4.0,3.4,0.5477225575051661,1.0
qwen25vl,351_c2,2,3.0,3.0,3.0,3.0,3.0,3.0,0.0,0.0
qwen25vl,351_c3,3,3.0,3.0,4.0,3.0,3.0,3.2,0.4472135954999579,1.0
qwen25vl,358_c0,0,4.0,3.0,3.0,3.0,4.0,3.4,0.5477225575051661,1.0
qwen25vl,358_c1,1,4.0,3.0,4.0,4.0,4.0,3.8,0.44721359549995787,1.0
qwen25vl,358_c2,2,3.0,3.0,3.0,3.0,3.0,3.0,0.0,0.0
qwen25vl,358_c3,3,3.0,3.0,3.0,4.0,3.0,3.2,0.4472135954999579,1.0
qwen25vl,368_c0,0,4.0,3.0,4.0,4.0,4.0,3.8,0.44721359549995787,1.0
qwen25vl,368_c1,1,2.0,2.0,2.0,3.0,3.0,2.4,0.5477225575051661,1.0
qwen25vl,368_c2,2,3.0,3.0,3.0,3.0,3.0,3.0,0.0,0.0
qwen25vl,368_c3,3,3.0,3.0,3.0,2.0,3.0,2.8,0.4472135954999579,1.0
qwen25vl,377_c0,0,4.0,4.0,4.0,4.0,4.0,4.0,0.0,0.0
qwen25vl,377_c1,1,4.0,4.0,3.0,4.0,4.0,3.8,0.4472135954999579,1.0
qwen25vl,377_c2,2,3.0,2.0,3.0,3.0,3.0,2.8,0.44721359549995787,1.0
qwen25vl,377_c3,3,3.0,3.0,3.0,3.0,4.0,3.2,0.4472135954999579,1.0
qwen25vl,37_c0,0,2.5,2.5,2.5,2.5,2.5,2.5,0.0,0.0
qwen25vl,37_c1,1,2.5,2.5,2.5,2.5,2.5,2.5,0.0,0.0
qwen25vl,37_c2,2,2.5,2.5,2.5,2.5,2.5,2.5,0.0,0.0
qwen25vl,37_c3,3,2.5,2.5,2.5,2.5,2.5,2.5,0.0,0.0
qwen25vl,392_c0,0,4.0,3.0,4.0,3.0,4.0,3.6,0.5477225575051661,1.0
qwen25vl,392_c1,1,3.0,4.0,3.0,4.0,3.0,3.4,0.5477225575051661,1.0
qwen25vl,392_c2,2,3.0,3.0,3.0,3.0,3.0,3.0,0.0,0.0
qwen25vl,392_c3,3,3.0,3.0,4.0,4.0,3.0,3.4,0.5477225575051661,1.0
qwen25vl,395_c0,0,4.0,4.0,4.0,4.0,4.0,4.0,0.0,0.0
qwen25vl,395_c1,1,4.0,4.0,4.0,4.0,4.0,4.0,0.0,0.0
qwen25vl,395_c2,2,3.0,3.0,3.0,4.0,3.0,3.2,0.4472135954999579,1.0
qwen25vl,395_c3,3,3.0,3.0,4.0,4.0,3.0,3.4,0.5477225575051661,1.0
qwen25vl,39_c0,0,2.5,2.5,2.5,2.5,2.5,2.5,0.0,0.0
qwen25vl,39_c1,1,2.5,2.5,2.5,2.5,2.5,2.5,0.0,0.0
qwen25vl,39_c2,2,2.5,2.0,2.5,2.5,2.5,2.4,0.22360679774997894,0.5
qwen25vl,39_c3,3,2.5,2.5,2.5,2.5,2.5,2.5,0.0,0.0
qwen25vl,400_c0,0,4.0,4.0,4.0,3.0,4.0,3.8,0.4472135954999579,1.0
qwen25vl,400_c1,1,4.0,4.0,4.0,3.0,3.0,3.6,0.5477225575051661,1.0
qwen25vl,400_c2,2,3.0,3.0,3.0,3.0,3.0,3.0,0.0,0.0
qwen25vl,400_c3,3,4.0,3.0,3.0,4.0,3.0,3.4,0.5477225575051661,1.0
qwen25vl,405_c0,0,2.5,2.5,2.5,2.5,2.5,2.5,0.0,0.0
qwen25vl,405_c1,1,2.5,2.5,2.5,2.5,2.5,2.5,0.0,0.0
qwen25vl,405_c2,2,2.5,2.5,2.5,2.5,2.5,2.5,0.0,0.0
qwen25vl,405_c3,3,2.0,1.5,2.0,2.5,2.5,2.1,0.4183300132670378,1.0
qwen25vl,410_c0,0,2.0,2.5,2.0,2.0,2.5,2.2,0.27386127875258304,0.5
qwen25vl,410_c1,1,2.5,2.5,2.5,2.5,2.5,2.5,0.0,0.0
qwen25vl,410_c2,2,2.5,2.0,2.5,2.5,2.5,2.4,0.22360679774997894,0.5
qwen25vl,410_c3,3,1.5,1.0,1.0,1.5,1.0,1.2,0.27386127875258304,0.5
qwen25vl,420_c0,0,2.5,2.5,2.5,2.0,2.5,2.4,0.22360679774997896,0.5
qwen25vl,420_c1,1,2.5,2.5,2.5,2.5,2.5,2.5,0.0,0.0
qwen25vl,420_c2,2,2.5,2.5,2.5,2.5,2.5,2.5,0.0,0.0
qwen25vl,420_c3,3,1.5,1.5,2.5,2.0,1.5,1.8,0.4472135954999579,1.0
qwen25vl,422_c0,0,2.0,2.5,2.5,2.0,2.5,2.3,0.2738612787525831,0.5
qwen25vl,422_c1,1,2.5,2.5,2.5,2.5,2.5,2.5,0.0,0.0
qwen25vl,422_c2,2,2.5,2.5,2.5,2.5,2.5,2.5,0.0,0.0
qwen25vl,422_c3,3,2.5,2.0,1.5,2.5,2.0,2.1,0.4183300132670378,1.0
qwen25vl,432_c0,0,2.5,2.0,2.5,2.0,2.0,2.2,0.2738612787525831,0.5
qwen25vl,432_c1,1,2.5,2.5,2.5,2.5,2.5,2.5,0.0,0.0
qwen25vl,432_c2,2,2.5,2.5,2.5,2.5,2.5,2.5,0.0,0.0
qwen25vl,432_c3,3,1.0,1.5,1.0,1.5,1.0,1.2,0.27386127875258304,0.5
qwen25vl,440_c0,0,2.5,2.5,2.5,2.0,2.0,2.3,0.2738612787525831,0.5
qwen25vl,440_c1,1,2.5,2.5,2.5,2.5,2.5,2.5,0.0,0.0
qwen25vl,440_c2,2,2.5,2.5,2.5,2.5,2.5,2.5,0.0,0.0
qwen25vl,440_c3,3,1.5,1.5,1.0,2.5,2.5,1.8,0.6708203932499369,1.5
qwen25vl,441_c0,0,2.0,2.0,2.5,2.0,2.0,2.1,0.22360679774997896,0.5
qwen25vl,441_c1,1,2.5,2.5,2.0,2.5,2.0,2.3,0.27386127875258304,0.5
qwen25vl,441_c2,2,2.5,2.5,2.5,2.5,2.5,2.5,0.0,0.0
qwen25vl,441_c3,3,1.0,1.5,1.5,1.5,2.0,1.5,0.3535533905932738,1.0
qwen25vl,443_c0,0,2.0,2.5,2.5,2.5,2.5,2.4,0.22360679774997894,0.5
qwen25vl,443_c1,1,2.5,2.5,2.5,2.0,2.5,2.4,0.22360679774997896,0.5
qwen25vl,443_c2,2,2.5,2.0,2.5,2.0,2.0,2.2,0.2738612787525831,0.5
qwen25vl,443_c3,3,1.5,1.5,1.0,2.5,1.0,1.5,0.6123724356957945,1.5
qwen25vl,463_c0,0,2.5,2.5,2.5,2.5,2.5,2.5,0.0,0.0
qwen25vl,463_c1,1,2.5,2.5,2.5,2.5,2.5,2.5,0.0,0.0
qwen25vl,463_c2,2,2.5,2.5,2.5,2.5,2.5,2.5,0.0,0.0
qwen25vl,463_c3,3,2.0,1.5,2.0,2.0,1.5,1.8,0.27386127875258304,0.5
qwen25vl,469_c0,0,3.0,0.0,3.0,3.0,0.0,1.8,1.6431676725154982,3.0
qwen25vl,469_c1,1,3.0,3.0,2.0,3.0,3.0,2.8,0.4472135954999579,1.0
qwen25vl,469_c2,2,0.0,4.0,0.0,4.0,4.0,2.4,2.1908902300206647,4.0
qwen25vl,469_ex,3,4.0,0.0,0.0,4.0,0.0,1.6,2.1908902300206647,4.0
qwen25vl,470_c0,0,0.0,3.0,3.0,3.0,3.0,2.4,1.3416407864998738,3.0
qwen25vl,470_c1,1,3.0,0.0,3.0,0.0,3.0,1.8,1.6431676725154982,3.0
qwen25vl,470_c2,2,0.0,0.0,0.0,0.0,0.0,0.0,0.0,0.0
qwen25vl,470_ex,3,0.0,0.0,0.0,0.0,0.0,0.0,0.0,0.0
qwen25vl,475_c0,0,4.0,3.0,3.0,4.0,3.0,3.4,0.5477225575051661,1.0
qwen25vl,475_c1,1,3.0,3.0,3.0,3.0,3.0,3.0,0.0,0.0
qwen25vl,475_c2,2,0.0,0.0,0.0,0.0,0.0,0.0,0.0,0.0
qwen25vl,475_ex,3,0.0,0.0,4.0,0.0,0.0,0.8,1.7888543819998322,4.0
qwen25vl,479_c0,0,2.0,3.0,3.0,3.0,3.0,2.8,0.44721359549995787,1.0
qwen25vl,479_c1,1,3.0,3.0,2.0,3.0,3.0,2.8,0.4472135954999579,1.0
qwen25vl,479_c2,2,0.0,0.0,0.0,0.0,0.0,0.0,0.0,0.0
qwen25vl,479_ex,3,4.0,0.0,4.0,3.0,0.0,2.2,2.04939015319192,4.0
qwen25vl,481_c0,0,3.0,0.0,2.0,4.0,2.0,2.2,1.4832396974191326,4.0
qwen25vl,481_c1,1,3.0,3.0,0.0,0.0,0.0,1.2,1.6431676725154982,3.0
qwen25vl,481_c2,2,0.0,4.0,4.0,4.0,4.0,3.2,1.7888543819998322,4.0
qwen25vl,481_ex,3,0.0,4.0,3.0,4.0,4.0,3.0,1.7320508075688772,4.0
qwen25vl,75_c0,0,3.0,2.0,3.0,3.0,3.0,2.8,0.44721359549995787,1.0
qwen25vl,75_c1,1,0.0,0.0,2.0,1.0,1.0,0.8,0.8366600265340756,2.0
qwen25vl,75_c2,2,3.0,1.0,2.0,2.0,1.0,1.8,0.8366600265340756,2.0
qwen25vl,75_c3,3,2.0,0.0,1.0,2.0,2.0,1.4,0.8944271909999159,2.0
qwen25vl,99_c0,0,3.0,2.0,2.0,3.0,3.0,2.6,0.5477225575051661,1.0
qwen25vl,99_c1,1,1.0,1.0,0.0,1.0,0.0,0.6,0.5477225575051662,1.0
qwen25vl,99_c2,2,2.0,3.0,3.0,2.0,3.0,2.6,0.5477225575051661,1.0
qwen25vl,99_c3,3,1.0,1.0,2.0,1.0,0.0,1.0,0.7071067811865476,2.0
internvl3,101_c0,0,3.0,3.0,3.0,2.0,3.0,2.8,0.4472135954999579,1.0
internvl3,101_c1,1,3.0,2.0,2.0,2.0,1.0,2.0,0.7071067811865476,2.0
internvl3,101_c2,2,3.0,3.0,3.0,3.0,3.0,3.0,0.0,0.0
internvl3,101_c3,3,2.0,2.0,2.0,2.0,2.0,2.0,0.0,0.0
internvl3,103_c0,0,2.0,2.0,2.0,2.0,2.0,2.0,0.0,0.0
internvl3,103_c1,1,1.0,1.0,2.0,1.0,2.0,1.4,0.5477225575051661,1.0
internvl3,103_c2,2,3.0,1.0,2.0,1.0,3.0,2.0,1.0,2.0
internvl3,103_c3,3,1.0,2.0,2.0,2.0,1.0,1.6,0.5477225575051661,1.0
internvl3,106_c0,0,2.0,2.0,1.75,2.0,2.0,1.95,0.11180339887498948,0.25
internvl3,106_c1,1,1.75,2.0,2.0,1.75,1.75,1.85,0.13693063937629155,0.25
internvl3,106_c2,2,2.0,2.0,2.0,1.75,1.75,1.9,0.13693063937629155,0.25
internvl3,110_c0,0,2.0,2.0,2.0,2.0,2.0,2.0,0.0,0.0
internvl3,110_c1,1,1.25,1.75,1.75,1.75,1.75,1.65,0.22360679774997894,0.5
internvl3,110_c2,2,1.75,1.75,1.5,1.75,1.75,1.7,0.11180339887498948,0.25
internvl3,117_c0,0,2.0,2.0,2.0,2.0,2.0,2.0,0.0,0.0
internvl3,117_c1,1,1.75,1.75,1.75,1.75,1.25,1.65,0.22360679774997896,0.5
internvl3,117_c2,2,1.75,1.75,1.75,1.75,2.0,1.8,0.11180339887498948,0.25
internvl3,119_c0,0,2.0,2.0,2.0,2.0,2.0,2.0,0.0,0.0
internvl3,119_c1,1,2.0,2.0,2.0,2.0,2.0,2.0,0.0,0.0
internvl3,119_c2,2,1.75,1.75,2.0,1.75,1.75,1.8,0.11180339887498948,0.25
internvl3,122_c0,0,2.0,2.0,2.0,2.0,2.0,2.0,0.0,0.0
internvl3,122_c1,1,2.0,2.0,2.0,2.0,2.0,2.0,0.0,0.0
internvl3,122_c2,2,1.75,1.75,1.75,1.75,1.75,1.75,0.0,0.0
internvl3,127_c0,0,2.0,2.0,2.0,2.0,2.0,2.0,0.0,0.0
internvl3,127_c1,1,2.0,2.0,2.0,2.0,2.0,2.0,0.0,0.0
internvl3,127_c2,2,1.75,1.75,2.0,1.75,1.75,1.8,0.11180339887498948,0.25
internvl3,12_c0,0,1.0,1.0,1.0,1.0,1.0,1.0,0.0,0.0
internvl3,12_c1,1,0.0,0.0,0.0,0.0,0.0,0.0,0.0,0.0
internvl3,12_c2,2,0.0,1.0,0.5,0.5,1.0,0.6,0.4183300132670378,1.0
internvl3,12_c3,3,0.5,0.5,0.5,0.5,0.5,0.5,0.0,0.0
internvl3,142_c0,0,2.5,2.5,3.0,3.0,3.0,2.8,0.2738612787525831,0.5
internvl3,142_c1,1,1.0,0.5,1.0,0.5,1.0,0.8,0.27386127875258304,0.5
internvl3,142_c2,2,1.5,2.0,1.0,2.0,2.0,1.7,0.4472135954999579,1.0
internvl3,142_c3,3,1.0,1.5,1.0,1.0,1.5,1.2,0.27386127875258304,0.5
internvl3,143_c0,0,1.0,1.0,1.0,1.5,1.5,1.2,0.27386127875258304,0.5
internvl3,143_c1,1,1.0,1.0,0.5,1.0,1.0,0.9,0.22360679774997896,0.5
internvl3,143_c2,2,0.5,1.0,1.0,1.0,0.5,0.8,0.27386127875258304,0.5
internvl3,143_c3,3,1.0,0.5,1.0,1.0,1.0,0.9,0.22360679774997902,0.5
internvl3,144_c0,0,2.5,2.0,2.0,2.5,2.0,2.2,0.2738612787525831,0.5
internvl3,144_c1,1,1.0,1.0,1.0,0.5,1.0,0.9,0.22360679774997896,0.5
internvl3,144_c2,2,1.0,1.0,1.0,1.0,1.0,1.0,0.0,0.0
internvl3,144_c3,3,1.0,1.0,1.0,1.0,1.0,1.0,0.0,0.0
internvl3,146_c0,0,2.5,2.5,2.0,2.0,2.5,2.3,0.2738612787525831,0.5
internvl3,146_c1,1,2.0,2.0,2.0,2.0,2.0,2.0,0.0,0.0
internvl3,146_c2,2,1.5,2.0,1.0,1.5,2.0,1.6,0.4183300132670378,1.0
internvl3,146_c3,3,1.0,1.0,1.5,1.0,1.5,1.2,0.27386127875258304,0.5
internvl3,147_c0,0,2.5,2.0,2.0,2.5,2.5,2.3,0.2738612787525831,0.5
internvl3,147_c1,1,2.0,2.0,2.0,2.0,2.0,2.0,0.0,0.0
internvl3,147_c2,2,1.0,1.5,1.5,2.0,1.0,1.4,0.4183300132670378,1.0
internvl3,147_c3,3,1.0,1.0,1.0,1.0,1.0,1.0,0.0,0.0
internvl3,150_c0,0,2.5,3.0,3.0,2.5,2.5,2.7,0.2738612787525831,0.5
internvl3,150_c1,1,2.0,2.0,2.0,2.0,2.0,2.0,0.0,0.0
internvl3,150_c2,2,1.5,2.0,2.0,2.0,2.0,1.9,0.22360679774997894,0.5
internvl3,150_c3,3,1.5,1.5,1.5,1.5,1.5,1.5,0.0,0.0
internvl3,161_c0,0,2.5,2.5,3.0,2.5,2.5,2.6,0.22360679774997896,0.5
internvl3,161_c1,1,2.0,1.5,2.0,1.0,2.0,1.7,0.4472135954999579,1.0
internvl3,161_c2,2,0.0,1.5,1.0,1.0,0.0,0.7,0.6708203932499369,1.5
internvl3,161_c3,3,1.5,1.5,1.0,1.5,1.0,1.3,0.27386127875258304,0.5
internvl3,169_c0,0,2.0,2.5,2.5,2.5,2.5,2.4,0.22360679774997894,0.5
internvl3,169_c1,1,2.0,2.0,2.0,2.0,3.0,2.2,0.4472135954999579,1.0
internvl3,169_c2,2,2.0,2.0,2.0,2.0,2.0,2.0,0.0,0.0
internvl3,169_c3,3,1.5,1.5,1.5,1.5,1.5,1.5,0.0,0.0
internvl3,173_c0,0,3.0,3.0,2.0,2.0,3.0,2.6,0.5477225575051661,1.0
internvl3,173_c1,1,2.0,3.0,3.0,3.0,2.0,2.6,0.5477225575051661,1.0
internvl3,173_c2,2,2.0,2.0,2.0,2.0,2.0,2.0,0.0,0.0
internvl3,173_c3,3,1.5,1.5,1.5,1.5,1.5,1.5,0.0,0.0
internvl3,177_c0,0,2.0,3.0,3.0,2.0,2.5,2.5,0.5,1.0
internvl3,177_c1,1,1.0,0.0,0.0,0.0,0.0,0.2,0.44721359549995804,1.0
internvl3,177_c2,2,0.0,0.0,0.0,0.0,0.0,0.0,0.0,0.0
internvl3,177_c3,3,1.0,1.0,1.0,1.0,1.0,1.0,0.0,0.0
internvl3,182_c0,0,1.0,2.0,1.0,1.0,1.0,1.2,0.44721359549995804,1.0
internvl3,182_c1,1,2.0,2.0,2.0,2.0,2.0,2.0,0.0,0.0
internvl3,182_c2,2,2.0,1.0,1.0,2.0,1.0,1.4,0.5477225575051661,1.0
internvl3,182_c3,3,1.0,1.0,1.0,1.0,1.0,1.0,0.0,0.0
internvl3,189_c0,0,2.0,2.0,2.0,2.0,2.0,2.0,0.0,0.0
internvl3,189_c1,1,3.0,3.0,2.0,3.0,3.0,2.8,0.4472135954999579,1.0
internvl3,189_c2,2,2.0,2.0,2.0,2.0,2.0,2.0,0.0,0.0
internvl3,189_c3,3,1.0,1.0,2.0,2.0,1.0,1.4,0.5477225575051661,1.0
internvl3,18_c0,0,1.0,1.0,1.0,1.0,1.0,1.0,0.0,0.0
internvl3,18_c1,1,0.0,0.0,0.0,0.0,0.0,0.0,0.0,0.0
internvl3,18_c2,2,0.0,0.0,0.0,0.5,0.0,0.1,0.223606797749979,0.5
internvl3,18_c3,3,0.5,0.5,0.5,0.5,0.5,0.5,0.0,0.0
internvl3,190_c0,0,1.0,1.0,2.0,2.0,1.0,1.4,0.5477225575051661,1.0
internvl3,190_c1,1,2.0,3.0,2.0,3.0,3.0,2.6,0.5477225575051661,1.0
internvl3,190_c2,2,2.0,1.0,1.0,1.0,2.0,1.4,0.5477225575051661,1.0
internvl3,190_c3,3,2.0,1.0,1.0,1.0,2.0,1.4,0.5477225575051661,1.0
internvl3,196_c0,0,1.0,1.0,2.0,1.0,1.0,1.2,0.4472135954999579,1.0
internvl3,196_c1,1,1.0,2.0,2.0,2.0,2.0,1.8,0.44721359549995804,1.0
internvl3,196_c2,2,1.0,1.0,2.0,2.0,2.0,1.6,0.5477225575051661,1.0
internvl3,196_c3,3,1.0,1.0,1.0,1.0,1.0,1.0,0.0,0.0
internvl3,205_c0,0,1.0,1.0,1.0,1.0,1.0,1.0,0.0,0.0
internvl3,205_c1,1,1.0,1.0,1.0,1.0,0.0,0.8,0.4472135954999579,1.0
internvl3,205_c2,2,0.0,0.0,0.0,0.0,0.0,0.0,0.0,0.0
internvl3,205_c3,3,1.0,1.0,1.0,1.0,1.0,1.0,0.0,0.0
internvl3,208_c0,0,2.0,1.0,1.0,2.0,1.0,1.4,0.5477225575051661,1.0
internvl3,208_c1,1,3.0,3.0,2.0,2.0,3.0,2.6,0.5477225575051661,1.0
internvl3,208_c2,2,2.0,2.0,2.0,2.0,2.0,2.0,0.0,0.0
internvl3,208_c3,3,1.0,1.0,1.0,1.0,1.0,1.0,0.0,0.0
internvl3,216_c0,0,2.0,2.0,2.0,2.0,2.0,2.0,0.0,0.0
internvl3,216_c1,1,1.0,1.0,2.0,1.0,2.0,1.4,0.5477225575051661,1.0
internvl3,216_c2,2,0.0,0.0,1.0,0.0,0.0,0.2,0.44721359549995804,1.0
internvl3,216_c3,3,1.0,1.0,1.0,1.0,1.0,1.0,0.0,0.0
internvl3,216_c4,4,0.0,0.0,0.0,0.0,0.0,0.0,0.0,0.0
internvl3,222_c0,0,2.0,2.0,2.0,2.0,2.0,2.0,0.0,0.0
internvl3,222_c1,1,1.0,2.0,1.0,1.0,1.0,1.2,0.44721359549995804,1.0
internvl3,222_c2,2,0.0,0.0,0.0,0.0,0.0,0.0,0.0,0.0
internvl3,222_c3,3,0.0,0.0,0.0,0.0,0.0,0.0,0.0,0.0
internvl3,222_c4,4,0.0,0.0,0.0,0.0,0.0,0.0,0.0,0.0
internvl3,228_c0,0,2.0,2.0,2.0,2.0,2.0,2.0,0.0,0.0
internvl3,228_c1,1,2.0,2.0,2.0,2.0,2.0,2.0,0.0,0.0
internvl3,228_c2,2,0.0,0.0,1.0,0.0,0.0,0.2,0.44721359549995804,1.0
internvl3,228_c3,3,1.0,1.0,1.0,1.0,1.0,1.0,0.0,0.0
internvl3,228_c4,4,0.0,0.0,0.0,0.0,0.0,0.0,0.0,0.0
internvl3,247_c0,0,2.0,2.0,2.0,2.0,2.0,2.0,0.0,0.0
internvl3,247_c1,1,4.0,4.0,4.0,4.0,4.0,4.0,0.0,0.0
internvl3,247_c2,2,2.0,2.0,2.0,2.0,2.0,2.0,0.0,0.0
internvl3,247_c3,3,1.0,1.0,0.0,1.0,1.0,0.8,0.4472135954999579,1.0
internvl3,247_c4,4,1.0,1.0,1.0,1.0,1.0,1.0,0.0,0.0
internvl3,259_c0,0,2.0,2.0,2.0,2.0,2.0,2.0,0.0,0.0
internvl3,259_c1,1,2.0,3.0,3.0,2.0,2.0,2.4,0.5477225575051661,1.0
internvl3,259_c2,2,1.0,0.0,0.0,1.0,0.0,0.4,0.5477225575051662,1.0
internvl3,259_c3,3,0.0,0.0,0.0,1.0,0.0,0.2,0.447213595499958,1.0
internvl3,259_c4,4,0.0,0.0,1.0,1.0,0.0,0.4,0.5477225575051662,1.0
internvl3,263_c0,0,2.0,2.0,2.0,2.0,2.0,2.0,0.0,0.0
internvl3,263_c1,1,3.0,4.0,3.0,3.0,3.0,3.2,0.44721359549995787,1.0
internvl3,263_c2,2,2.0,2.0,2.0,2.0,2.0,2.0,0.0,0.0
internvl3,263_c3,3,0.0,0.0,0.0,0.0,0.0,0.0,0.0,0.0
internvl3,263_c4,4,1.0,1.0,1.0,1.0,1.0,1.0,0.0,0.0
internvl3,264_c0,0,2.0,2.0,2.0,2.0,2.0,2.0,0.0,0.0
internvl3,264_c1,1,2.0,2.0,2.0,2.0,2.0,2.0,0.0,0.0
internvl3,264_c2,2,1.0,0.0,1.0,0.0,0.0,0.4,0.5477225575051662,1.0
internvl3,264_c3,3,1.0,1.0,1.0,0.0,1.0,0.8,0.4472135954999579,1.0
internvl3,264_c4,4,0.0,0.0,1.0,0.0,0.0,0.2,0.44721359549995804,1.0
internvl3,268_c0,0,2.0,2.0,2.0,2.0,2.0,2.0,0.0,0.0
internvl3,268_c1,1,3.0,3.0,3.0,3.0,3.0,3.0,0.0,0.0
internvl3,268_c2,2,2.0,2.0,2.0,2.0,2.0,2.0,0.0,0.0
internvl3,268_c3,3,1.0,1.0,1.0,1.0,1.0,1.0,0.0,0.0
internvl3,268_c4,4,1.0,1.0,1.0,1.0,1.0,1.0,0.0,0.0
internvl3,277_c0,0,2.0,2.0,2.0,2.0,2.0,2.0,0.0,0.0
internvl3,277_c1,1,2.0,1.0,1.0,1.0,2.0,1.4,0.5477225575051661,1.0
internvl3,277_c2,2,0.0,0.0,1.0,1.0,0.0,0.4,0.5477225575051662,1.0
internvl3,277_c3,3,0.0,0.0,0.0,0.0,0.0,0.0,0.0,0.0
internvl3,277_c4,4,0.0,0.0,0.0,0.0,0.0,0.0,0.0,0.0
internvl3,27_c0,0,2.5,2.5,2.5,2.5,2.5,2.5,0.0,0.0
internvl3,27_c1,1,2.5,2.5,2.5,2.5,2.5,2.5,0.0,0.0
internvl3,27_c2,2,2.5,2.5,2.5,2.5,2.5,2.5,0.0,0.0
internvl3,27_c3,3,2.5,2.5,2.5,2.5,2.5,2.5,0.0,0.0
internvl3,281_c2,2,0.0,0.0,1.0,0.0,0.0,0.2,0.44721359549995804,1.0
internvl3,281_def,0,3.0,3.0,3.0,3.0,3.0,3.0,0.0,0.0
internvl3,281_ex,3,0.0,0.0,0.0,0.0,0.0,0.0,0.0,0.0
internvl3,281_kdd,1,4.0,4.0,4.0,4.0,4.0,4.0,0.0,0.0
internvl3,287_c2,2,3.0,1.0,3.0,3.0,3.0,2.6,0.8944271909999161,2.0
internvl3,287_def,0,2.0,3.0,3.0,2.0,2.0,2.4,0.5477225575051661,1.0
internvl3,287_ex,3,0.0,0.0,0.0,0.0,0.0,0.0,0.0,0.0
internvl3,287_kdd,1,4.0,4.0,4.0,4.0,4.0,4.0,0.0,0.0
internvl3,291_c2,2,0.0,0.0,0.0,0.0,0.0,0.0,0.0,0.0
internvl3,291_def,0,3.0,3.0,2.0,2.0,2.0,2.4,0.5477225575051661,1.0
internvl3,291_ex,3,0.0,0.0,0.0,0.0,0.0,0.0,0.0,0.0
internvl3,291_kdd,1,2.0,2.0,2.0,2.0,2.0,2.0,0.0,0.0
internvl3,298_c2,2,4.0,4.0,4.0,4.0,4.0,4.0,0.0,0.0
internvl3,298_def,0,3.0,3.0,3.0,3.0,3.0,3.0,0.0,0.0
internvl3,298_ex,3,4.0,4.0,4.0,4.0,4.0,4.0,0.0,0.0
internvl3,298_kdd,1,4.0,4.0,4.0,4.0,4.0,4.0,0.0,0.0
internvl3,301_c2,2,2.0,1.0,1.0,3.0,3.0,2.0,1.0,2.0
internvl3,301_def,0,3.0,2.0,3.0,2.0,2.0,2.4,0.5477225575051661,1.0
internvl3,301_ex,3,0.0,0.0,0.0,0.0,0.0,0.0,0.0,0.0
internvl3,301_kdd,1,2.0,3.0,3.0,3.0,2.0,2.6,0.5477225575051661,1.0
internvl3,309_c2,2,1.0,1.0,1.0,1.0,0.0,0.8,0.4472135954999579,1.0
internvl3,309_def,0,0.0,1.0,0.0,1.0,1.0,0.6,0.5477225575051662,1.0
internvl3,309_ex,3,0.0,0.0,0.0,0.0,0.0,0.0,0.0,0.0
internvl3,309_kdd,1,0.0,0.0,0.0,0.0,0.0,0.0,0.0,0.0
internvl3,316_c2,2,2.0,3.0,4.0,4.0,2.0,3.0,1.0,2.0
internvl3,316_def,0,3.0,3.0,3.0,4.0,4.0,3.4,0.5477225575051661,1.0
internvl3,316_ex,3,0.0,0.0,0.0,0.0,0.0,0.0,0.0,0.0
internvl3,316_kdd,1,3.0,4.0,4.0,4.0,4.0,3.8,0.44721359549995787,1.0
internvl3,320_c2,2,0.0,0.0,0.0,0.0,0.0,0.0,0.0,0.0
internvl3,320_def,0,0.0,0.0,0.0,0.0,0.0,0.0,0.0,0.0
internvl3,320_ex,3,0.0,0.0,0.0,0.0,0.0,0.0,0.0,0.0
internvl3,320_kdd,1,0.0,0.0,0.0,0.0,0.0,0.0,0.0,0.0
internvl3,337_c0,0,4.0,4.0,4.0,4.0,4.0,4.0,0.0,0.0
internvl3,337_c1,1,4.0,4.0,4.0,4.0,4.0,4.0,0.0,0.0
internvl3,337_c2,2,3.0,3.0,3.0,3.0,3.0,3.0,0.0,0.0
internvl3,337_c3,3,3.0,3.0,3.0,3.0,4.0,3.2,0.4472135954999579,1.0
internvl3,343_c0,0,4.0,4.0,4.0,4.0,4.0,4.0,0.0,0.0
internvl3,343_c1,1,3.0,4.0,3.0,3.0,3.0,3.2,0.44721359549995787,1.0
internvl3,343_c2,2,3.0,3.0,3.0,3.0,3.0,3.0,0.0,0.0
internvl3,343_c3,3,3.0,3.0,3.0,3.0,3.0,3.0,0.0,0.0
internvl3,347_c0,0,4.0,4.0,4.0,4.0,4.0,4.0,0.0,0.0
internvl3,347_c1,1,3.0,4.0,4.0,3.0,4.0,3.6,0.5477225575051661,1.0
internvl3,347_c2,2,3.0,3.0,3.0,3.0,4.0,3.2,0.4472135954999579,1.0
internvl3,347_c3,3,3.0,3.0,3.0,3.0,4.0,3.2,0.4472135954999579,1.0
internvl3,351_c0,0,4.0,4.0,3.0,4.0,4.0,3.8,0.4472135954999579,1.0
internvl3,351_c1,1,3.0,3.0,3.0,4.0,3.0,3.2,0.4472135954999579,1.0
internvl3,351_c2,2,3.0,3.0,3.0,3.0,3.0,3.0,0.0,0.0
internvl3,351_c3,3,3.0,3.0,3.0,3.0,3.0,3.0,0.0,0.0
internvl3,358_c0,0,4.0,3.0,4.0,4.0,4.0,3.8,0.44721359549995787,1.0
internvl3,358_c1,1,3.0,4.0,3.0,4.0,4.0,3.6,0.5477225575051661,1.0
internvl3,358_c2,2,2.0,4.0,3.0,3.0,3.0,3.0,0.7071067811865476,2.0
internvl3,358_c3,3,3.0,3.0,3.0,3.0,3.0,3.0,0.0,0.0
internvl3,368_c0,0,3.0,4.0,4.0,4.0,4.0,3.8,0.44721359549995787,1.0
internvl3,368_c1,1,3.0,3.0,3.0,3.0,3.0,3.0,0.0,0.0
internvl3,368_c2,2,3.0,3.0,3.0,2.0,3.0,2.8,0.4472135954999579,1.0
internvl3,368_c3,3,3.0,3.0,3.0,3.0,3.0,3.0,0.0,0.0
internvl3,377_c0,0,4.0,4.0,3.0,4.0,4.0,3.8,0.4472135954999579,1.0
internvl3,377_c1,1,4.0,3.0,3.0,3.0,4.0,3.4,0.5477225575051661,1.0
internvl3,377_c2,2,4.0,4.0,4.0,3.0,4.0,3.8,0.4472135954999579,1.0
internvl3,377_c3,3,3.0,4.0,3.0,3.0,4.0,3.4,0.5477225575051661,1.0
internvl3,37_c0,0,2.5,2.5,2.5,2.5,2.0,2.4,0.22360679774997896,0.5
internvl3,37_c1,1,2.5,2.5,2.5,2.5,2.5,2.5,0.0,0.0
internvl3,37_c2,2,2.5,2.5,2.5,2.5,2.0,2.4,0.22360679774997896,0.5
internvl3,37_c3,3,2.5,2.5,2.5,2.5,2.5,2.5,0.0,0.0
internvl3,392_c0,0,4.0,4.0,3.0,3.0,3.0,3.4,0.5477225575051661,1.0
internvl3,392_c1,1,3.0,4.0,3.0,3.0,3.0,3.2,0.44721359549995787,1.0
internvl3,392_c2,2,3.0,3.0,3.0,3.0,3.0,3.0,0.0,0.0
internvl3,392_c3,3,3.0,3.0,4.0,3.0,4.0,3.4,0.5477225575051661,1.0
internvl3,395_c0,0,4.0,3.0,3.0,4.0,3.0,3.4,0.5477225575051661,1.0
internvl3,395_c1,1,3.0,4.0,4.0,3.0,3.0,3.4,0.5477225575051661,1.0
internvl3,395_c2,2,3.0,4.0,4.0,3.0,3.0,3.4,0.5477225575051661,1.0
internvl3,395_c3,3,3.0,3.0,3.0,3.0,3.0,3.0,0.0,0.0
internvl3,39_c0,0,2.5,2.5,2.5,2.5,2.5,2.5,0.0,0.0
internvl3,39_c1,1,2.5,2.5,2.5,2.5,2.5,2.5,0.0,0.0
internvl3,39_c2,2,2.5,2.5,2.5,2.5,2.5,2.5,0.0,0.0
internvl3,39_c3,3,2.5,2.5,2.5,2.5,2.5,2.5,0.0,0.0
internvl3,400_c0,0,4.0,4.0,4.0,4.0,4.0,4.0,0.0,0.0
internvl3,400_c1,1,4.0,4.0,4.0,4.0,3.0,3.8,0.4472135954999579,1.0
internvl3,400_c2,2,3.0,3.0,3.0,4.0,3.0,3.2,0.4472135954999579,1.0
internvl3,400_c3,3,3.0,3.0,4.0,4.0,3.0,3.4,0.5477225575051661,1.0
internvl3,405_c0,0,2.5,2.5,2.5,2.5,2.5,2.5,0.0,0.0
internvl3,405_c1,1,2.5,2.5,2.5,2.5,2.5,2.5,0.0,0.0
internvl3,405_c2,2,2.5,2.5,2.5,2.5,2.5,2.5,0.0,0.0
internvl3,405_c3,3,1.5,1.5,1.5,1.5,2.0,1.6,0.22360679774997896,0.5
internvl3,410_c0,0,2.5,2.5,2.5,2.5,2.0,2.4,0.22360679774997896,0.5
internvl3,410_c1,1,2.5,2.5,2.5,2.5,2.5,2.5,0.0,0.0
internvl3,410_c2,2,2.5,2.0,2.0,2.5,2.0,2.2,0.2738612787525831,0.5
internvl3,410_c3,3,1.5,1.5,1.5,1.5,1.5,1.5,0.0,0.0
internvl3,420_c0,0,2.5,2.5,2.5,2.5,2.5,2.5,0.0,0.0
internvl3,420_c1,1,2.5,2.5,2.5,2.5,2.5,2.5,0.0,0.0
internvl3,420_c2,2,2.5,2.5,2.5,2.5,2.5,2.5,0.0,0.0
internvl3,420_c3,3,2.5,2.5,2.0,2.5,2.5,2.4,0.22360679774997896,0.5
internvl3,422_c0,0,2.5,2.5,2.5,2.5,2.5,2.5,0.0,0.0
internvl3,422_c1,1,2.5,2.5,2.5,2.5,2.5,2.5,0.0,0.0
internvl3,422_c2,2,2.5,2.5,2.5,2.5,2.5,2.5,0.0,0.0
internvl3,422_c3,3,2.5,2.5,2.5,2.5,2.5,2.5,0.0,0.0
internvl3,432_c0,0,2.5,2.5,2.5,2.0,2.5,2.4,0.22360679774997896,0.5
internvl3,432_c1,1,2.5,2.5,2.5,2.5,2.5,2.5,0.0,0.0
internvl3,432_c2,2,2.5,2.5,2.5,2.5,2.5,2.5,0.0,0.0
internvl3,432_c3,3,2.0,1.0,2.0,1.0,2.5,1.7,0.6708203932499369,1.5
internvl3,440_c0,0,2.5,2.5,2.5,2.0,2.0,2.3,0.2738612787525831,0.5
internvl3,440_c1,1,2.5,2.5,2.5,2.5,2.5,2.5,0.0,0.0
internvl3,440_c2,2,2.5,2.5,2.5,2.5,2.5,2.5,0.0,0.0
internvl3,440_c3,3,2.5,2.0,2.0,2.0,1.5,2.0,0.3535533905932738,1.0
internvl3,441_c0,0,2.5,2.5,2.5,2.5,2.5,2.5,0.0,0.0
internvl3,441_c1,1,2.5,2.5,2.5,2.0,2.5,2.4,0.22360679774997896,0.5
internvl3,441_c2,2,2.5,2.5,2.5,2.5,2.5,2.5,0.0,0.0
internvl3,441_c3,3,2.0,1.5,1.5,1.5,1.0,1.5,0.3535533905932738,1.0
internvl3,443_c0,0,2.5,2.5,2.5,2.5,2.5,2.5,0.0,0.0
internvl3,443_c1,1,2.5,2.5,2.0,2.0,2.5,2.3,0.2738612787525831,0.5
internvl3,443_c2,2,0.0,0.0,1.0,1.0,0.0,0.4,0.5477225575051662,1.0
internvl3,443_c3,3,1.0,2.0,1.5,1.5,2.0,1.6,0.4183300132670378,1.0
internvl3,463_c0,0,2.0,2.5,2.5,2.5,2.5,2.4,0.22360679774997894,0.5
internvl3,463_c1,1,2.5,2.5,2.5,2.5,2.5,2.5,0.0,0.0
internvl3,463_c2,2,2.5,2.5,2.5,2.5,2.5,2.5,0.0,0.0
internvl3,463_c3,3,1.5,1.5,2.0,2.0,1.5,1.7,0.27386127875258304,0.5
internvl3,469_c0,0,4.0,3.0,2.0,2.0,2.0,2.6,0.8944271909999159,2.0
internvl3,469_c1,1,1.0,0.0,2.0,2.0,3.0,1.6,1.140175425099138,3.0
internvl3,469_c2,2,0.0,0.0,0.0,0.0,0.0,0.0,0.0,0.0
internvl3,469_ex,3,4.0,4.0,3.0,4.0,4.0,3.8,0.4472135954999579,1.0
internvl3,470_c0,0,4.0,3.0,3.0,2.0,3.0,3.0,0.7071067811865476,2.0
internvl3,470_c1,1,3.0,3.0,0.0,2.0,3.0,2.2,1.3038404810405297,3.0
internvl3,470_c2,2,0.0,4.0,4.0,0.0,0.0,1.6,2.1908902300206647,4.0
internvl3,470_ex,3,0.0,0.0,0.0,0.0,4.0,0.8,1.788854381999832,4.0
internvl3,475_c0,0,2.0,3.0,2.0,4.0,2.0,2.6,0.8944271909999159,2.0
internvl3,475_c1,1,1.0,3.0,3.0,2.0,3.0,2.4,0.8944271909999159,2.0
internvl3,475_c2,2,0.0,0.0,0.0,0.0,0.0,0.0,0.0,0.0
internvl3,475_ex,3,0.0,0.0,0.0,0.0,0.0,0.0,0.0,0.0
internvl3,479_c0,0,3.0,4.0,2.0,2.0,3.0,2.8,0.8366600265340756,2.0
internvl3,479_c1,1,2.0,3.0,2.0,2.0,3.0,2.4,0.5477225575051661,1.0
internvl3,479_c2,2,0.0,0.0,0.0,0.0,0.0,0.0,0.0,0.0
internvl3,479_ex,3,4.0,4.0,4.0,4.0,4.0,4.0,0.0,0.0
internvl3,481_c0,0,4.0,2.0,3.0,4.0,3.0,3.2,0.8366600265340756,2.0
internvl3,481_c1,1,1.0,3.0,2.0,2.0,2.0,2.0,0.7071067811865476,2.0
internvl3,481_c2,2,4.0,0.0,4.0,0.0,2.0,2.0,2.0,4.0
internvl3,481_ex,3,4.0,4.0,4.0,4.0,4.0,4.0,0.0,0.0
internvl3,75_c0,0,3.0,3.0,3.0,3.0,2.0,2.8,0.4472135954999579,1.0
internvl3,75_c1,1,1.0,1.0,2.0,1.0,1.0,1.2,0.4472135954999579,1.0
internvl3,75_c2,2,2.0,3.0,1.0,2.0,1.0,1.8,0.8366600265340756,2.0
internvl3,75_c3,3,1.0,2.0,1.0,1.0,1.0,1.2,0.44721359549995804,1.0
internvl3,99_c0,0,2.0,3.0,2.0,2.0,2.0,2.2,0.44721359549995787,1.0
internvl3,99_c1,1,1.0,1.0,1.0,1.0,1.0,1.0,0.0,0.0
internvl3,99_c2,2,2.0,2.0,2.0,2.0,2.0,2.0,0.0,0.0
internvl3,99_c3,3,2.0,1.0,1.0,1.0,1.0,1.2,0.44721359549995804,1.0
pixtral,101_c0,0,3.0,3.0,3.0,3.0,3.0,3.0,0.0,0.0
pixtral,101_c1,1,2.0,3.0,2.0,3.0,3.0,2.6,0.5477225575051661,1.0
pixtral,101_c2,2,3.0,3.0,3.0,3.0,3.0,3.0,0.0,0.0
pixtral,101_c3,3,2.0,2.0,2.0,2.0,3.0,2.2,0.4472135954999579,1.0
pixtral,103_c0,0,3.0,3.0,2.0,3.0,2.0,2.6,0.5477225575051661,1.0
pixtral,103_c1,1,2.0,2.0,2.0,2.0,2.0,2.0,0.0,0.0
pixtral,103_c2,2,3.0,2.0,3.0,2.0,2.0,2.4,0.5477225575051661,1.0
pixtral,103_c3,3,2.0,2.0,2.0,2.0,2.0,2.0,0.0,0.0
pixtral,106_c0,0,2.0,2.0,2.0,2.0,2.0,2.0,0.0,0.0
pixtral,106_c1,1,2.0,2.0,2.0,1.75,1.75,1.9,0.13693063937629155,0.25
pixtral,106_c2,2,1.75,1.75,1.75,1.75,1.75,1.75,0.0,0.0
pixtral,110_c0,0,2.0,2.0,1.75,2.0,2.0,1.95,0.11180339887498948,0.25
pixtral,110_c1,1,2.0,2.0,2.0,2.0,2.0,2.0,0.0,0.0
pixtral,110_c2,2,1.75,1.75,1.75,2.0,2.0,1.85,0.13693063937629155,0.25
pixtral,117_c0,0,1.75,2.0,2.0,2.0,2.0,1.95,0.11180339887498947,0.25
pixtral,117_c1,1,1.75,2.0,1.75,1.25,2.0,1.75,0.30618621784789724,0.75
pixtral,117_c2,2,1.75,1.75,1.75,2.0,1.75,1.8,0.11180339887498948,0.25
pixtral,119_c0,0,2.0,1.75,2.0,2.0,2.0,1.95,0.11180339887498947,0.25
pixtral,119_c1,1,1.75,1.75,2.0,2.0,2.0,1.9,0.13693063937629155,0.25
pixtral,119_c2,2,1.75,1.75,1.75,1.75,1.75,1.75,0.0,0.0
pixtral,122_c0,0,2.0,2.0,2.0,2.0,2.0,2.0,0.0,0.0
pixtral,122_c1,1,1.75,2.0,1.75,1.75,2.0,1.85,0.13693063937629152,0.25
pixtral,122_c2,2,1.75,1.75,1.75,1.75,1.75,1.75,0.0,0.0
pixtral,127_c0,0,2.0,2.0,2.0,2.0,2.0,2.0,0.0,0.0
pixtral,127_c1,1,1.75,1.75,2.0,2.0,2.0,1.9,0.13693063937629155,0.25
pixtral,127_c2,2,1.75,1.75,1.75,1.75,2.0,1.8,0.11180339887498948,0.25
pixtral,12_c0,0,1.0,2.0,1.0,2.0,2.0,1.6,0.5477225575051661,1.0
pixtral,12_c1,1,0.0,0.0,0.0,0.0,0.0,0.0,0.0,0.0
pixtral,12_c2,2,0.0,0.5,0.5,0.5,0.5,0.4,0.22360679774997902,0.5
pixtral,12_c3,3,0.5,0.0,0.5,0.0,0.0,0.2,0.2738612787525831,0.5
pixtral,142_c0,0,2.0,2.5,2.5,2.0,2.0,2.2,0.2738612787525831,0.5
pixtral,142_c1,1,0.5,1.5,1.0,1.0,1.5,1.1,0.4183300132670378,1.0
pixtral,142_c2,2,1.0,1.0,1.0,1.0,1.0,1.0,0.0,0.0
pixtral,142_c3,3,1.0,1.5,1.5,1.0,1.0,1.2,0.27386127875258304,0.5
pixtral,143_c0,0,1.5,2.5,2.5,2.0,2.0,2.1,0.4183300132670378,1.0
pixtral,143_c1,1,0.0,0.0,0.0,0.0,0.0,0.0,0.0,0.0
pixtral,143_c2,2,1.0,1.0,1.5,1.0,1.0,1.1,0.22360679774997896,0.5
pixtral,143_c3,3,1.0,1.0,1.5,1.0,1.0,1.1,0.22360679774997896,0.5
pixtral,144_c0,0,2.0,2.0,2.0,2.0,2.0,2.0,0.0,0.0
pixtral,144_c1,1,1.0,0.0,0.5,0.0,0.5,0.4,0.4183300132670378,1.0
pixtral,144_c2,2,2.0,1.0,1.0,1.0,1.5,1.3,0.4472135954999579,1.0
pixtral,144_c3,3,1.0,1.0,1.0,1.5,1.5,1.2,0.27386127875258304,0.5
pixtral,146_c0,0,2.0,2.5,2.5,2.5,2.0,2.3,0.27386127875258304,0.5
pixtral,146_c1,1,2.0,1.5,1.5,1.0,1.0,1.4,0.4183300132670378,1.0
pixtral,146_c2,2,2.0,2.0,2.0,2.0,1.5,1.9,0.22360679774997896,0.5
pixtral,146_c3,3,1.5,1.5,1.0,1.5,1.0,1.3,0.27386127875258304,0.5
pixtral,147_c0,0,2.0,2.0,2.5,2.5,2.0,2.2,0.2738612787525831,0.5
pixtral,147_c1,1,2.0,1.0,1.0,1.5,1.5,1.4,0.4183300132670378,1.0
pixtral,147_c2,2,1.0,1.0,1.0,1.5,1.0,1.1,0.22360679774997896,0.5
pixtral,147_c3,3,1.0,1.0,1.0,1.0,1.5,1.1,0.22360679774997896,0.5
pixtral,150_c0,0,3.0,2.5,2.0,2.0,2.0,2.3,0.4472135954999579,1.0
pixtral,150_c1,1,1.5,2.0,2.0,1.5,1.0,1.6,0.4183300132670378,1.0
pixtral,150_c2,2,1.0,1.0,2.0,1.5,1.5,1.4,0.4183300132670378,1.0
pixtral,150_c3,3,1.0,1.0,1.0,1.5,1.0,1.1,0.22360679774997896,0.5
pixtral,161_c0,0,2.0,2.5,3.0,2.5,3.0,2.6,0.4183300132670378,1.0
pixtral,161_c1,1,1.5,2.0,1.0,1.0,1.0,1.3,0.4472135954999579,1.0
pixtral,161_c2,2,2.0,1.0,2.0,1.0,2.0,1.6,0.5477225575051661,1.0
pixtral,161_c3,3,1.5,1.0,1.5,1.5,1.5,1.4,0.22360679774997894,0.5
pixtral,169_c0,0,2.5,2.5,3.0,2.0,3.0,2.6,0.4183300132670378,1.0
pixtral,169_c1,1,1.0,2.5,1.5,1.0,1.5,1.5,0.6123724356957945,1.5
pixtral,169_c2,2,1.5,1.5,1.5,1.0,1.5,1.4,0.22360679774997896,0.5
pixtral,169_c3,3,1.0,1.0,1.5,1.5,1.5,1.3,0.27386127875258304,0.5
pixtral,173_c0,0,3.0,2.0,3.0,3.0,3.0,2.8,0.44721359549995787,1.0
pixtral,173_c1,1,2.0,3.0,1.5,1.5,2.0,2.0,0.6123724356957945,1.5
pixtral,173_c2,2,2.0,2.0,2.0,1.0,2.0,1.8,0.4472135954999579,1.0
pixtral,173_c3,3,1.5,1.5,1.0,1.0,1.5,1.3,0.27386127875258304,0.5
pixtral,177_c0,0,2.0,2.0,2.0,2.5,2.0,2.1,0.22360679774997896,0.5
pixtral,177_c1,1,0.0,0.0,0.0,0.0,0.0,0.0,0.0,0.0
pixtral,177_c2,2,0.0,0.0,0.0,0.0,0.0,0.0,0.0,0.0
pixtral,177_c3,3,1.0,1.5,1.0,1.5,1.0,1.2,0.27386127875258304,0.5
pixtral,182_c0,0,1.0,1.0,1.0,2.0,1.0,1.2,0.4472135954999579,1.0
pixtral,182_c1,1,3.0,2.0,2.0,3.0,3.0,2.6,0.5477225575051661,1.0
pixtral,182_c2,2,1.0,2.0,1.0,1.0,1.0,1.2,0.44721359549995804,1.0
pixtral,182_c3,3,1.0,1.0,1.0,1.0,1.0,1.0,0.0,0.0
pixtral,189_c0,0,1.0,1.0,2.0,1.0,1.0,1.2,0.4472135954999579,1.0
pixtral,189_c1,1,3.0,3.0,2.0,2.0,3.0,2.6,0.5477225575051661,1.0
pixtral,189_c2,2,2.0,2.0,2.0,2.0,2.0,2.0,0.0,0.0
pixtral,189_c3,3,1.0,1.0,1.0,1.0,1.0,1.0,0.0,0.0
pixtral,18_c0,0,1.0,1.0,1.0,1.0,1.0,1.0,0.0,0.0
pixtral,18_c1,1,0.5,1.0,1.0,1.0,1.0,0.9,0.22360679774997902,0.5
pixtral,18_c2,2,0.0,0.0,0.5,0.0,0.0,0.1,0.22360679774997902,0.5
pixtral,18_c3,3,0.0,0.5,0.0,0.0,0.0,0.1,0.22360679774997902,0.5
pixtral,190_c0,0,1.0,2.0,2.0,1.0,2.0,1.6,0.5477225575051661,1.0
pixtral,190_c1,1,3.0,3.0,3.0,2.0,3.0,2.8,0.4472135954999579,1.0
pixtral,190_c2,2,1.0,2.0,1.0,1.0,1.0,1.2,0.44721359549995804,1.0
pixtral,190_c3,3,1.0,1.0,1.0,1.0,1.0,1.0,0.0,0.0
pixtral,196_c0,0,1.0,1.0,1.0,2.0,2.0,1.4,0.5477225575051661,1.0
pixtral,196_c1,1,2.0,2.0,3.0,2.0,2.0,2.2,0.4472135954999579,1.0
pixtral,196_c2,2,1.0,1.0,2.0,1.0,1.0,1.2,0.4472135954999579,1.0
pixtral,196_c3,3,1.0,1.0,1.0,1.0,1.0,1.0,0.0,0.0
pixtral,205_c0,0,1.0,1.0,1.0,1.0,1.0,1.0,0.0,0.0
pixtral,205_c1,1,1.0,1.0,1.0,2.0,2.0,1.4,0.5477225575051661,1.0
pixtral,205_c2,2,0.0,0.0,0.0,0.0,0.0,0.0,0.0,0.0
pixtral,205_c3,3,1.0,1.0,1.0,1.0,1.0,1.0,0.0,0.0
pixtral,208_c0,0,1.0,1.0,1.0,2.0,1.0,1.2,0.4472135954999579,1.0
pixtral,208_c1,1,2.0,3.0,2.0,2.0,3.0,2.4,0.5477225575051661,1.0
pixtral,208_c2,2,2.0,2.0,1.0,1.0,2.0,1.6,0.5477225575051661,1.0
pixtral,208_c3,3,1.0,1.0,1.0,1.0,1.0,1.0,0.0,0.0
pixtral,216_c0,0,2.0,2.0,2.0,2.0,2.0,2.0,0.0,0.0
pixtral,216_c1,1,2.0,1.0,1.0,1.0,2.0,1.4,0.5477225575051661,1.0
pixtral,216_c2,2,0.0,0.0,0.0,0.0,0.0,0.0,0.0,0.0
pixtral,216_c3,3,1.0,1.0,1.0,1.0,1.0,1.0,0.0,0.0
pixtral,216_c4,4,0.0,0.0,0.0,0.0,0.0,0.0,0.0,0.0
pixtral,222_c0,0,2.0,2.0,2.0,2.0,2.0,2.0,0.0,0.0
pixtral,222_c1,1,2.0,1.0,1.0,1.0,0.0,1.0,0.7071067811865476,2.0
pixtral,222_c2,2,0.0,0.0,0.0,0.0,0.0,0.0,0.0,0.0
pixtral,222_c3,3,0.0,0.0,0.0,0.0,0.0,0.0,0.0,0.0
pixtral,222_c4,4,0.0,0.0,0.0,0.0,0.0,0.0,0.0,0.0
pixtral,228_c0,0,2.0,2.0,2.0,2.0,2.0,2.0,0.0,0.0
pixtral,228_c1,1,2.0,2.0,2.0,2.0,1.0,1.8,0.4472135954999579,1.0
pixtral,228_c2,2,1.0,1.0,0.0,0.0,0.0,0.4,0.5477225575051662,1.0
pixtral,228_c3,3,1.0,1.0,1.0,1.0,1.0,1.0,0.0,0.0
pixtral,228_c4,4,0.0,0.0,0.0,0.0,0.0,0.0,0.0,0.0
pixtral,247_c0,0,2.0,2.0,2.0,2.0,2.0,2.0,0.0,0.0
pixtral,247_c1,1,3.0,3.0,2.0,3.0,3.0,2.8,0.4472135954999579,1.0
pixtral,247_c2,2,2.0,1.0,0.0,1.0,1.0,1.0,0.7071067811865476,2.0
pixtral,247_c3,3,1.0,1.0,1.0,1.0,1.0,1.0,0.0,0.0
pixtral,247_c4,4,1.0,1.0,1.0,1.0,0.0,0.8,0.4472135954999579,1.0
pixtral,259_c0,0,2.0,2.0,2.0,2.0,2.0,2.0,0.0,0.0
pixtral,259_c1,1,2.0,2.0,2.0,3.0,2.0,2.2,0.4472135954999579,1.0
pixtral,259_c2,2,1.0,1.0,1.0,1.0,0.0,0.8,0.4472135954999579,1.0
pixtral,259_c3,3,1.0,1.0,1.0,1.0,1.0,1.0,0.0,0.0
pixtral,259_c4,4,1.0,0.0,1.0,1.0,1.0,0.8,0.44721359549995804,1.0
pixtral,263_c0,0,2.0,2.0,2.0,2.0,2.0,2.0,0.0,0.0
pixtral,263_c1,1,3.0,3.0,3.0,3.0,2.0,2.8,0.4472135954999579,1.0
pixtral,263_c2,2,2.0,1.0,2.0,1.0,2.0,1.6,0.5477225575051661,1.0
pixtral,263_c3,3,1.0,1.0,1.0,1.0,1.0,1.0,0.0,0.0
pixtral,263_c4,4,1.0,0.0,1.0,1.0,1.0,0.8,0.44721359549995804,1.0
pixtral,264_c0,0,2.0,2.0,2.0,2.0,2.0,2.0,0.0,0.0
pixtral,264_c1,1,2.0,2.0,2.0,2.0,2.0,2.0,0.0,0.0
pixtral,264_c2,2,0.0,0.0,0.0,0.0,0.0,0.0,0.0,0.0
pixtral,264_c3,3,0.0,1.0,0.0,0.0,0.0,0.2,0.44721359549995804,1.0
pixtral,264_c4,4,0.0,0.0,0.0,0.0,0.0,0.0,0.0,0.0
pixtral,268_c0,0,2.0,2.0,2.0,2.0,2.0,2.0,0.0,0.0
pixtral,268_c1,1,3.0,3.0,2.0,3.0,3.0,2.8,0.4472135954999579,1.0
pixtral,268_c2,2,2.0,2.0,1.0,1.0,2.0,1.6,0.5477225575051661,1.0
pixtral,268_c3,3,0.0,1.0,1.0,1.0,1.0,0.8,0.44721359549995804,1.0
pixtral,268_c4,4,1.0,1.0,1.0,1.0,1.0,1.0,0.0,0.0
pixtral,277_c0,0,2.0,2.0,2.0,2.0,2.0,2.0,0.0,0.0
pixtral,277_c1,1,1.0,1.0,1.0,2.0,1.0,1.2,0.4472135954999579,1.0
pixtral,277_c2,2,0.0,0.0,0.0,0.0,0.0,0.0,0.0,0.0
pixtral,277_c3,3,0.0,0.0,0.0,0.0,0.0,0.0,0.0,0.0
pixtral,277_c4,4,0.0,0.0,0.0,0.0,0.0,0.0,0.0,0.0
pixtral,27_c0,0,2.5,2.5,2.5,2.5,2.5,2.5,0.0,0.0
pixtral,27_c1,1,2.5,2.5,2.5,2.5,2.5,2.5,0.0,0.0
pixtral,27_c2,2,2.5,2.5,2.0,2.5,2.5,2.4,0.22360679774997896,0.5
pixtral,27_c3,3,2.5,2.5,2.5,2.5,2.5,2.5,0.0,0.0
pixtral,281_c2,2,1.0,1.0,0.0,1.0,1.0,0.8,0.4472135954999579,1.0
pixtral,281_def,0,2.0,2.0,2.0,2.0,2.0,2.0,0.0,0.0
pixtral,281_ex,3,0.0,0.0,0.0,0.0,0.0,0.0,0.0,0.0
pixtral,281_kdd,1,4.0,4.0,3.0,3.0,4.0,3.6,0.5477225575051661,1.0
pixtral,287_c2,2,2.0,1.0,2.0,1.0,1.0,1.4,0.5477225575051661,1.0
pixtral,287_def,0,3.0,3.0,2.0,2.0,3.0,2.6,0.5477225575051661,1.0
pixtral,287_ex,3,0.0,0.0,0.0,0.0,0.0,0.0,0.0,0.0
pixtral,287_kdd,1,4.0,3.0,4.0,3.0,3.0,3.4,0.5477225575051661,1.0
pixtral,291_c2,2,1.0,1.0,1.0,1.0,1.0,1.0,0.0,0.0
pixtral,291_def,0,3.0,2.0,2.0,2.0,3.0,2.4,0.5477225575051661,1.0
pixtral,291_ex,3,0.0,0.0,0.0,0.0,0.0,0.0,0.0,0.0
pixtral,291_kdd,1,3.0,4.0,3.0,3.0,4.0,3.4,0.5477225575051661,1.0
pixtral,298_c2,2,2.0,2.0,2.0,2.0,3.0,2.2,0.4472135954999579,1.0
pixtral,298_def,0,1.0,3.0,2.0,2.0,3.0,2.2,0.8366600265340756,2.0
pixtral,298_ex,3,2.0,4.0,2.0,4.0,4.0,3.2,1.0954451150103321,2.0
pixtral,298_kdd,1,4.0,2.0,3.0,2.0,3.0,2.8,0.8366600265340756,2.0
pixtral,301_c2,2,1.0,1.0,2.0,1.0,1.0,1.2,0.4472135954999579,1.0
pixtral,301_def,0,3.0,2.0,2.0,3.0,2.0,2.4,0.5477225575051661,1.0
pixtral,301_ex,3,0.0,0.0,0.0,0.0,0.0,0.0,0.0,0.0
pixtral,301_kdd,1,3.0,2.0,3.0,3.0,3.0,2.8,0.44721359549995787,1.0
pixtral,309_c2,2,1.0,1.0,1.0,1.0,1.0,1.0,0.0,0.0
pixtral,309_def,0,0.0,0.0,0.0,0.0,1.0,0.2,0.447213595499958,1.0
pixtral,309_ex,3,0.0,0.0,0.0,0.0,0.0,0.0,0.0,0.0
pixtral,309_kdd,1,0.0,0.0,0.0,0.0,0.0,0.0,0.0,0.0
pixtral,316_c2,2,3.0,3.0,3.0,3.0,3.0,3.0,0.0,0.0
pixtral,316_def,0,2.0,3.0,3.0,3.0,3.0,2.8,0.44721359549995787,1.0
pixtral,316_ex,3,0.0,0.0,0.0,0.0,0.0,0.0,0.0,0.0
pixtral,316_kdd,1,4.0,3.0,4.0,4.0,4.0,3.8,0.44721359549995787,1.0
pixtral,320_c2,2,0.0,1.0,4.0,0.0,0.0,1.0,1.7320508075688772,4.0
pixtral,320_def,0,0.0,3.0,0.0,0.0,0.0,0.6,1.3416407864998738,3.0
pixtral,320_ex,3,0.0,0.0,0.0,0.0,0.0,0.0,0.0,0.0
pixtral,320_kdd,1,0.0,4.0,4.0,4.0,4.0,3.2,1.7888543819998322,4.0
pixtral,337_c0,0,4.0,4.0,4.0,4.0,4.0,4.0,0.0,0.0
pixtral,337_c1,1,4.0,4.0,3.0,3.0,4.0,3.6,0.5477225575051661,1.0
pixtral,337_c2,2,3.0,3.0,3.0,3.0,4.0,3.2,0.4472135954999579,1.0
pixtral,337_c3,3,3.0,3.0,4.0,3.0,3.0,3.2,0.4472135954999579,1.0
pixtral,343_c0,0,4.0,4.0,4.0,4.0,3.0,3.8,0.4472135954999579,1.0
pixtral,343_c1,1,3.0,3.0,4.0,4.0,4.0,3.6,0.5477225575051661,1.0
pixtral,343_c2,2,3.0,3.0,3.0,4.0,3.0,3.2,0.4472135954999579,1.0
pixtral,343_c3,3,3.0,3.0,3.0,3.0,3.0,3.0,0.0,0.0
pixtral,347_c0,0,3.0,4.0,3.0,4.0,4.0,3.6,0.5477225575051661,1.0
pixtral,347_c1,1,3.0,4.0,3.0,3.0,4.0,3.4,0.5477225575051661,1.0
pixtral,347_c2,2,3.0,3.0,4.0,4.0,4.0,3.6,0.5477225575051661,1.0
pixtral,347_c3,3,3.0,3.0,3.0,4.0,3.0,3.2,0.4472135954999579,1.0
pixtral,351_c0,0,4.0,4.0,4.0,4.0,3.0,3.8,0.4472135954999579,1.0
pixtral,351_c1,1,4.0,3.0,4.0,4.0,4.0,3.8,0.44721359549995787,1.0
pixtral,351_c2,2,4.0,3.0,3.0,3.0,3.0,3.2,0.44721359549995787,1.0
pixtral,351_c3,3,4.0,4.0,3.0,3.0,3.0,3.4,0.5477225575051661,1.0
pixtral,358_c0,0,4.0,4.0,3.0,4.0,3.0,3.6,0.5477225575051661,1.0
pixtral,358_c1,1,4.0,4.0,3.0,3.0,4.0,3.6,0.5477225575051661,1.0
pixtral,358_c2,2,3.0,3.0,4.0,3.0,4.0,3.4,0.5477225575051661,1.0
pixtral,358_c3,3,4.0,3.0,3.0,3.0,3.0,3.2,0.44721359549995787,1.0
pixtral,368_c0,0,3.0,3.0,3.0,3.0,3.0,3.0,0.0,0.0
pixtral,368_c1,1,3.0,3.0,4.0,3.0,3.0,3.2,0.4472135954999579,1.0
pixtral,368_c2,2,3.0,3.0,3.0,3.0,3.0,3.0,0.0,0.0
pixtral,368_c3,3,3.0,3.0,3.0,3.0,3.0,3.0,0.0,0.0
pixtral,377_c0,0,3.0,3.0,4.0,4.0,4.0,3.6,0.5477225575051661,1.0
pixtral,377_c1,1,3.0,3.0,4.0,3.0,3.0,3.2,0.4472135954999579,1.0
pixtral,377_c2,2,4.0,3.0,3.0,3.0,3.0,3.2,0.44721359549995787,1.0
pixtral,377_c3,3,3.0,3.0,3.0,3.0,3.0,3.0,0.0,0.0
pixtral,37_c0,0,2.5,2.5,2.5,2.5,2.0,2.4,0.22360679774997896,0.5
pixtral,37_c1,1,2.5,2.5,2.5,2.5,2.5,2.5,0.0,0.0
pixtral,37_c2,2,2.5,1.0,1.0,2.5,2.5,1.9,0.8215838362577492,1.5
pixtral,37_c3,3,2.5,2.5,2.5,2.5,2.5,2.5,0.0,0.0
pixtral,392_c0,0,4.0,4.0,4.0,3.0,4.0,3.8,0.4472135954999579,1.0
pixtral,392_c1,1,4.0,3.0,4.0,4.0,4.0,3.8,0.44721359549995787,1.0
pixtral,392_c2,2,3.0,4.0,3.0,3.0,4.0,3.4,0.5477225575051661,1.0
pixtral,392_c3,3,4.0,3.0,3.0,4.0,3.0,3.4,0.5477225575051661,1.0
pixtral,395_c0,0,4.0,3.0,4.0,4.0,3.0,3.6,0.5477225575051661,1.0
pixtral,395_c1,1,3.0,3.0,3.0,3.0,3.0,3.0,0.0,0.0
pixtral,395_c2,2,3.0,3.0,3.0,4.0,3.0,3.2,0.4472135954999579,1.0
pixtral,395_c3,3,3.0,3.0,3.0,3.0,3.0,3.0,0.0,0.0
pixtral,39_c0,0,2.5,2.5,2.5,2.5,2.5,2.5,0.0,0.0
pixtral,39_c1,1,2.5,2.5,2.5,2.5,2.5,2.5,0.0,0.0
pixtral,39_c2,2,2.5,1.5,1.5,1.0,2.0,1.7,0.570087712549569,1.5
pixtral,39_c3,3,0.0,0.0,0.0,1.0,0.0,0.2,0.447213595499958,1.0
pixtral,400_c0,0,4.0,4.0,4.0,4.0,4.0,4.0,0.0,0.0
pixtral,400_c1,1,4.0,4.0,4.0,4.0,3.0,3.8,0.4472135954999579,1.0
pixtral,400_c2,2,4.0,3.0,4.0,3.0,4.0,3.6,0.5477225575051661,1.0
pixtral,400_c3,3,4.0,4.0,3.0,3.0,4.0,3.6,0.5477225575051661,1.0
pixtral,405_c0,0,2.5,2.5,2.5,2.5,2.5,2.5,0.0,0.0
pixtral,405_c1,1,2.5,2.5,2.5,2.0,2.5,2.4,0.22360679774997896,0.5
pixtral,405_c2,2,2.5,2.5,2.5,2.5,2.5,2.5,0.0,0.0
pixtral,405_c3,3,1.5,1.5,2.0,2.5,2.0,1.9,0.4183300132670378,1.0
pixtral,410_c0,0,2.5,2.5,2.5,2.0,2.5,2.4,0.22360679774997896,0.5
pixtral,410_c1,1,2.0,2.5,2.0,2.0,2.0,2.1,0.22360679774997894,0.5
pixtral,410_c2,2,2.0,2.5,2.0,2.0,2.5,2.2,0.27386127875258304,0.5
pixtral,410_c3,3,1.5,1.5,2.0,1.0,1.5,1.5,0.3535533905932738,1.0
pixtral,420_c0,0,2.5,2.5,2.5,2.5,2.5,2.5,0.0,0.0
pixtral,420_c1,1,2.5,2.5,2.5,2.5,2.5,2.5,0.0,0.0
pixtral,420_c2,2,2.5,2.5,2.5,2.0,2.5,2.4,0.22360679774997896,0.5
pixtral,420_c3,3,2.5,2.0,1.5,2.5,2.5,2.2,0.4472135954999579,1.0
pixtral,422_c0,0,2.5,2.5,2.5,2.5,2.5,2.5,0.0,0.0
pixtral,422_c1,1,2.5,2.5,2.5,2.5,2.5,2.5,0.0,0.0
pixtral,422_c2,2,2.5,2.5,2.0,2.5,2.5,2.4,0.22360679774997896,0.5
pixtral,422_c3,3,2.5,2.0,2.5,2.0,2.5,2.3,0.2738612787525831,0.5
pixtral,432_c0,0,2.5,2.0,2.5,2.0,2.0,2.2,0.2738612787525831,0.5
pixtral,432_c1,1,2.0,2.5,2.5,2.0,2.5,2.3,0.2738612787525831,0.5
pixtral,432_c2,2,2.5,2.0,2.0,2.5,2.5,2.3,0.2738612787525831,0.5
pixtral,432_c3,3,1.5,2.0,1.5,1.5,1.5,1.6,0.22360679774997894,0.5
pixtral,440_c0,0,2.5,2.5,2.5,2.5,2.5,2.5,0.0,0.0
pixtral,440_c1,1,2.5,2.5,2.5,2.0,2.5,2.4,0.22360679774997896,0.5
pixtral,440_c2,2,2.5,2.5,2.5,2.5,2.5,2.5,0.0,0.0
pixtral,440_c3,3,2.0,1.5,2.0,1.5,2.0,1.8,0.27386127875258304,0.5
pixtral,441_c0,0,2.5,2.0,2.5,2.5,2.5,2.4,0.22360679774997894,0.5
pixtral,441_c1,1,2.5,2.5,2.5,2.5,2.5,2.5,0.0,0.0
pixtral,441_c2,2,2.0,2.5,2.0,2.5,2.5,2.3,0.2738612787525831,0.5
pixtral,441_c3,3,2.0,1.5,2.0,2.0,1.5,1.8,0.27386127875258304,0.5
pixtral,443_c0,0,2.5,2.0,2.5,2.5,2.5,2.4,0.22360679774997894,0.5
pixtral,443_c1,1,2.0,2.0,2.0,2.0,2.0,2.0,0.0,0.0
pixtral,443_c2,2,0.0,0.0,0.0,0.0,0.0,0.0,0.0,0.0
pixtral,443_c3,3,1.0,1.5,1.5,1.5,1.5,1.4,0.22360679774997894,0.5
pixtral,463_c0,0,2.5,2.5,2.5,2.5,2.5,2.5,0.0,0.0
pixtral,463_c1,1,2.5,2.5,2.5,2.5,2.5,2.5,0.0,0.0
pixtral,463_c2,2,2.5,2.5,2.5,2.5,2.5,2.5,0.0,0.0
pixtral,463_c3,3,2.0,2.0,2.0,2.5,2.5,2.2,0.2738612787525831,0.5
pixtral,469_c0,0,4.0,2.0,4.0,4.0,2.0,3.2,1.0954451150103321,2.0
pixtral,469_c1,1,3.0,4.0,3.0,3.0,3.0,3.2,0.44721359549995787,1.0
pixtral,469_c2,2,0.0,0.0,0.0,0.0,0.0,0.0,0.0,0.0
pixtral,469_ex,3,4.0,4.0,4.0,4.0,4.0,4.0,0.0,0.0
pixtral,470_c0,0,1.0,2.0,0.0,0.0,1.0,0.8,0.8366600265340756,2.0
pixtral,470_c1,1,1.0,2.0,0.0,2.0,2.0,1.4,0.8944271909999159,2.0
pixtral,470_c2,2,0.0,0.0,0.0,0.0,0.0,0.0,0.0,0.0
pixtral,470_ex,3,0.0,0.0,0.0,1.0,1.0,0.4,0.5477225575051662,1.0
pixtral,475_c0,0,4.0,3.0,3.0,2.0,0.0,2.4,1.5165750888103102,4.0
pixtral,475_c1,1,1.0,1.0,1.0,1.0,1.0,1.0,0.0,0.0
pixtral,475_c2,2,0.0,0.0,0.0,0.0,0.0,0.0,0.0,0.0
pixtral,475_ex,3,0.0,0.0,0.0,0.0,0.0,0.0,0.0,0.0
pixtral,479_c0,0,3.0,4.0,4.0,2.0,3.0,3.2,0.8366600265340756,2.0
pixtral,479_c1,1,3.0,3.0,2.0,3.0,3.0,2.8,0.4472135954999579,1.0
pixtral,479_c2,2,0.0,0.0,0.0,0.0,0.0,0.0,0.0,0.0
pixtral,479_ex,3,3.0,3.0,0.0,4.0,3.0,2.6,1.51657508881031,4.0
pixtral,481_c0,0,2.0,4.0,2.0,2.0,3.0,2.6,0.8944271909999159,2.0
pixtral,481_c1,1,3.0,3.0,3.0,3.0,4.0,3.2,0.4472135954999579,1.0
pixtral,481_c2,2,2.0,0.0,2.0,3.0,2.0,1.8,1.0954451150103321,3.0
pixtral,481_ex,3,4.0,4.0,4.0,4.0,4.0,4.0,0.0,0.0
pixtral,75_c0,0,3.0,2.0,3.0,3.0,2.0,2.6,0.5477225575051661,1.0
pixtral,75_c1,1,1.0,1.0,1.0,0.0,1.0,0.8,0.4472135954999579,1.0
pixtral,75_c2,2,2.0,3.0,2.0,2.0,2.0,2.2,0.44721359549995787,1.0
pixtral,75_c3,3,1.0,1.0,1.0,1.0,1.0,1.0,0.0,0.0
pixtral,99_c0,0,2.0,2.0,2.0,3.0,3.0,2.4,0.5477225575051661,1.0
pixtral,99_c1,1,1.0,2.0,1.0,2.0,2.0,1.6,0.5477225575051661,1.0
pixtral,99_c2,2,2.0,3.0,2.0,2.0,2.0,2.2,0.44721359549995787,1.0
pixtral,99_c3,3,2.0,2.0,2.0,2.0,2.0,2.0,0.0,0.0
donut,101_c0,0,0.0,,,,,0.0,,
donut,101_c1,1,3.0,,,2.0,1.0,2.0,1.0,
donut,101_c2,2,,,2.0,,,2.0,,
donut,101_c3,3,1.0,2.0,,,,1.5,0.7071067811865476,
donut,103_c0,0,1.0,,,,2.0,1.5,0.7071067811865476,
donut,103_c1,1,2.0,2.0,,,,2.0,0.0,
donut,103_c2,2,,,,,,,,
donut,103_c3,3,,,,1.0,3.0,2.0,1.4142135623730951,
donut,106_c0,0,,2.0,,,,2.0,,
donut,106_c1,1,,,,,,,,
donut,106_c2,2,,,,,,,,
donut,110_c0,0,2.0,2.0,1.0,0.0,0.0,1.0,1.0,2.0
donut,110_c1,1,2.0,1.0,,2.0,2.0,1.75,0.5,
donut,110_c2,2,0.0,1.0,2.0,1.0,1.0,1.0,0.7071067811865476,2.0
donut,117_c0,0,0.0,2.0,1.0,,2.0,1.25,0.9574271077563381,
donut,117_c1,1,1.0,0.0,2.0,,1.0,1.0,0.816496580927726,
donut,117_c2,2,,2.0,,,,2.0,,
donut,119_c0,0,1.0,2.0,1.0,2.0,2.0,1.6,0.5477225575051661,1.0
donut,119_c1,1,,,,,,,,
donut,119_c2,2,2.0,1.0,2.0,2.0,2.0,1.8,0.44721359549995804,1.0
donut,122_c0,0,,2.0,0.0,,,1.0,1.4142135623730951,
donut,122_c1,1,,,,,,,,
donut,122_c2,2,2.0,2.0,,0.0,,1.3333333333333333,1.1547005383792517,
donut,127_c0,0,,2.0,1.0,2.0,2.0,1.75,0.5,
donut,127_c1,1,,,,,,,,
donut,127_c2,2,2.0,2.0,1.0,2.0,2.0,1.8,0.4472135954999579,1.0
donut,12_c0,0,2.5,,,,,2.5,,
donut,12_c1,1,2.5,,,2.5,2.0,2.3333333333333335,0.2886751345948129,
donut,12_c2,2,,,,,,,,
donut,12_c3,3,2.5,2.5,,,,2.5,0.0,
donut,142_c0,0,,,,1.0,,1.0,,
donut,142_c1,1,2.5,1.0,,,,1.75,1.0606601717798212,
donut,142_c2,2,,,2.0,1.0,,1.5,0.7071067811865476,
donut,142_c3,3,,,,,,,,
donut,143_c0,0,2.5,2.0,1.0,1.0,1.0,1.5,0.7071067811865476,1.5
donut,143_c1,1,1.0,,2.5,2.5,1.0,1.75,0.8660254037844386,
donut,143_c2,2,2.0,1.0,,2.0,,1.6666666666666667,0.5773502691896257,
donut,143_c3,3,,,,,,,,
donut,144_c0,0,,,,,,,,
donut,144_c1,1,,,,,,,,
donut,144_c2,2,,2.0,,,1.0,1.5,0.7071067811865476,
donut,144_c3,3,,,,,,,,
donut,146_c0,0,,,,3.0,,3.0,,
donut,146_c1,1,,,2.0,,,2.0,,
donut,146_c2,2,,,,,2.0,2.0,,
donut,146_c3,3,,2.0,,,,2.0,,
donut,147_c0,0,2.0,1.0,,1.0,,1.3333333333333333,0.5773502691896257,
donut,147_c1,1,,,,,,,,
donut,147_c2,2,,2.0,2.0,2.0,1.0,1.75,0.5,
donut,147_c3,3,,1.0,1.0,,2.0,1.3333333333333333,0.5773502691896257,
donut,150_c0,0,,,,,,,,
donut,150_c1,1,1.0,,,,,1.0,,
donut,150_c2,2,,,,,2.0,2.0,,
donut,150_c3,3,,,,,,,,
donut,161_c0,0,,,,,2.5,2.5,,
donut,161_c1,1,,2.0,1.0,,3.0,2.0,1.0,
donut,161_c2,2,2.0,,,2.0,2.0,2.0,0.0,
donut,161_c3,3,,1.0,,,1.0,1.0,0.0,
donut,169_c0,0,,,,,,,,
donut,169_c1,1,,,,,,,,
donut,169_c2,2,,2.0,2.0,2.0,2.0,2.0,0.0,
donut,169_c3,3,,,,,,,,
donut,173_c0,0,2.0,2.0,,,,2.0,0.0,
donut,173_c1,1,,,,1.0,3.0,2.0,1.4142135623730951,
donut,173_c2,2,2.0,1.0,,,,1.5,0.7071067811865476,
donut,173_c3,3,,2.0,1.0,2.0,,1.6666666666666667,0.5773502691896257,
donut,177_c0,0,,,,,,,,
donut,177_c1,1,2.0,,2.0,,,2.0,0.0,
donut,177_c2,2,,,,2.0,,2.0,,
donut,177_c3,3,,,2.0,,,2.0,,
donut,182_c0,0,,,,,,,,
donut,182_c1,1,,,,,0.0,0.0,,
donut,182_c2,2,1.0,0.0,,1.0,2.0,1.0,0.816496580927726,
donut,182_c3,3,,,1.0,,,1.0,,
donut,189_c0,0,,1.0,,2.0,,1.5,0.7071067811865476,
donut,189_c1,1,1.0,0.0,,,,0.5,0.7071067811865476,
donut,189_c2,2,,1.0,1.0,1.0,1.0,1.0,0.0,
donut,189_c3,3,1.0,,,1.0,0.0,0.6666666666666666,0.5773502691896258,
donut,18_c0,0,,,,,,,,
donut,18_c1,1,,,,0.5,,0.5,,
donut,18_c2,2,,,,,,,,
donut,18_c3,3,,,2.0,,,2.0,,
donut,190_c0,0,1.0,,,,,1.0,,
donut,190_c1,1,2.0,,2.0,,1.0,1.6666666666666667,0.5773502691896257,
donut,190_c2,2,,2.0,,,,2.0,,
donut,190_c3,3,,,,,,,,
donut,196_c0,0,,,,,,,,
donut,196_c1,1,1.0,,1.0,,4.0,2.0,1.7320508075688772,
donut,196_c2,2,,1.0,2.0,1.0,,1.3333333333333333,0.5773502691896257,
donut,196_c3,3,,,,,,,,
donut,205_c0,0,2.0,2.0,,1.0,1.0,1.5,0.5773502691896257,
donut,205_c1,1,,2.5,2.5,2.5,1.0,2.125,0.75,
donut,205_c2,2,,,,1.0,,1.0,,
donut,205_c3,3,,,,,,,,
donut,208_c0,0,,,,,,,,
donut,208_c1,1,,,,,,,,
donut,208_c2,2,1.0,2.0,,,1.0,1.3333333333333333,0.5773502691896257,
donut,208_c3,3,0.0,,,,,0.0,,
donut,216_c0,0,,,0.0,,2.0,1.0,1.4142135623730951,
donut,216_c1,1,,,,,,,,
donut,216_c2,2,0.0,,,,1.0,0.5,0.7071067811865476,
donut,216_c3,3,,,,,,,,
donut,216_c4,4,,,,,,,,
donut,222_c0,0,,,2.0,2.0,1.0,1.6666666666666667,0.5773502691896257,
donut,222_c1,1,4.0,1.0,2.0,3.0,1.0,2.2,1.3038404810405297,3.0
donut,222_c2,2,1.0,,2.0,1.0,0.0,1.0,0.816496580927726,
donut,222_c3,3,,1.0,1.0,,1.0,1.0,0.0,
donut,222_c4,4,1.0,,,1.0,1.0,1.0,0.0,
donut,228_c0,0,,,,,,,,
donut,228_c1,1,,,,,,,,
donut,228_c2,2,,,,,,,,
donut,228_c3,3,,,,,,,,
donut,228_c4,4,,,,,,,,
donut,247_c0,0,,,2.0,2.0,,2.0,0.0,
donut,247_c1,1,,,,,,,,
donut,247_c2,2,,,,,,,,
donut,247_c3,3,,,,,,,,
donut,247_c4,4,,,1.0,1.0,,1.0,0.0,
donut,259_c0,0,2.0,,2.0,,,2.0,0.0,
donut,259_c1,1,,,,,,,,
donut,259_c2,2,0.0,,,2.0,2.0,1.3333333333333333,1.1547005383792517,
donut,259_c3,3,,,,,,,,
donut,259_c4,4,,,,,1.0,1.0,,
donut,263_c0,0,,2.0,,,2.0,2.0,0.0,
donut,263_c1,1,,,2.0,1.0,4.0,2.3333333333333335,1.5275252316519465,
donut,263_c2,2,2.0,2.0,0.0,,1.0,1.25,0.9574271077563381,
donut,263_c3,3,,,1.0,0.0,1.0,0.6666666666666666,0.5773502691896258,
donut,263_c4,4,,,,,0.0,0.0,,
donut,264_c0,0,0.0,,,,0.0,0.0,0.0,
donut,264_c1,1,,1.0,1.0,2.0,2.0,1.5,0.5773502691896257,
donut,264_c2,2,,2.0,2.0,2.0,,2.0,0.0,
donut,264_c3,3,1.0,1.0,1.0,,1.0,1.0,0.0,
donut,264_c4,4,,1.0,,,,1.0,,
donut,268_c0,0,,,2.0,,,2.0,,
donut,268_c1,1,,,,,,,,
donut,268_c2,2,,1.0,,,,1.0,,
donut,268_c3,3,,,,1.0,,1.0,,
donut,268_c4,4,,,,,,,,
donut,277_c0,0,,,,0.0,,0.0,,
donut,277_c1,1,,,,2.5,,2.5,,
donut,277_c2,2,,,,,,,,
donut,277_c3,3,,,,,1.0,1.0,,
donut,277_c4,4,,,,,,,,
donut,27_c0,0,,1.0,1.0,,1.0,1.0,0.0,
donut,27_c1,1,0.0,2.0,,1.0,,1.0,1.0,
donut,27_c2,2,2.5,,,2.0,2.5,2.3333333333333335,0.2886751345948129,
donut,27_c3,3,,,2.5,0.0,2.5,1.6666666666666667,1.4433756729740645,
donut,281_c2,2,,,,2.0,2.5,2.25,0.3535533905932738,
donut,281_def,0,2.5,,,,,2.5,,
donut,281_ex,3,,,,2.0,,2.0,,
donut,281_kdd,1,,,,,,,,
donut,287_c2,2,,,,,1.0,1.0,,
donut,287_def,0,,,0.5,,,0.5,,
donut,287_ex,3,,,,,,,,
donut,287_kdd,1,,,1.0,,,1.0,,
donut,291_c2,2,,4.0,1.0,1.0,,2.0,1.7320508075688772,
donut,291_def,0,1.0,1.0,,3.0,1.0,1.5,1.0,
donut,291_ex,3,2.5,,,2.5,,2.5,0.0,
donut,291_kdd,1,4.0,,,,1.0,2.5,2.1213203435596424,
donut,298_c2,2,1.0,0.0,,,4.0,1.6666666666666667,2.0816659994661326,
donut,298_def,0,2.5,,1.0,2.5,2.5,2.125,0.75,
donut,298_ex,3,,2.0,1.0,,2.0,1.6666666666666667,0.5773502691896257,
donut,298_kdd,1,2.5,2.5,,,,2.5,0.0,
donut,301_c2,2,,,1.0,1.0,0.0,0.6666666666666666,0.5773502691896258,
donut,301_def,0,,2.5,2.5,,,2.5,0.0,
donut,301_ex,3,,2.5,,,,2.5,,
donut,301_kdd,1,,,,,,,,
donut,309_c2,2,,,0.0,,2.5,1.25,1.7677669529663689,
donut,309_def,0,,,1.0,,0.0,0.5,0.7071067811865476,
donut,309_ex,3,,,,2.0,,2.0,,
donut,309_kdd,1,0.0,1.0,1.0,2.5,,1.125,1.0307764064044151,
donut,316_c2,2,2.5,,1.0,,2.0,1.8333333333333333,0.7637626158259734,
donut,316_def,0,,,2.0,0.0,1.0,1.0,1.0,
donut,316_ex,3,2.0,,2.0,2.0,1.0,1.75,0.5,
donut,316_kdd,1,,1.0,,1.0,2.5,1.5,0.8660254037844386,
donut,320_c2,2,3.0,,,2.0,3.0,2.6666666666666665,0.5773502691896258,
donut,320_def,0,,2.0,2.0,2.0,,2.0,0.0,
donut,320_ex,3,1.0,,1.0,,,1.0,0.0,
donut,320_kdd,1,1.0,,,1.0,,1.0,0.0,
donut,337_c0,0,,,,,,,,
donut,337_c1,1,,,4.0,3.0,2.0,3.0,1.0,
donut,337_c2,2,,,,,,,,
donut,337_c3,3,,,,,,,,
donut,343_c0,0,,,,,,,,
donut,343_c1,1,,2.0,,1.0,,1.5,0.7071067811865476,
donut,343_c2,2,,,,,,,,
donut,343_c3,3,2.0,2.0,2.0,2.0,4.0,2.4,0.8944271909999159,2.0
donut,347_c0,0,,,1.0,,,1.0,,
donut,347_c1,1,,,,,,,,
donut,347_c2,2,,,,,,,,
donut,347_c3,3,,,,,,,,
donut,351_c0,0,,,,1.0,,1.0,,
donut,351_c1,1,,,,,,,,
donut,351_c2,2,,,,,,,,
donut,351_c3,3,,2.0,1.0,,,1.5,0.7071067811865476,
donut,358_c0,0,,,,,,,,
donut,358_c1,1,,,,,4.0,4.0,,
donut,358_c2,2,,,,,,,,
donut,358_c3,3,,,,,,,,
donut,368_c0,0,,,,,,,,
donut,368_c1,1,1.0,4.0,3.0,,1.0,2.25,1.5,
donut,368_c2,2,,,,,,,,
donut,368_c3,3,,,,1.0,,1.0,,
donut,377_c0,0,,1.0,,,1.0,1.0,0.0,
donut,377_c1,1,1.0,,1.0,,2.0,1.3333333333333333,0.5773502691896257,
donut,377_c2,2,,,,,,,,
donut,377_c3,3,,3.0,2.0,3.0,1.0,2.25,0.9574271077563381,
donut,37_c0,0,,,2.0,,,2.0,,
donut,37_c1,1,,,2.0,2.5,,2.25,0.3535533905932738,
donut,37_c2,2,,,,,,,,
donut,37_c3,3,,,,2.0,2.0,2.0,0.0,
donut,392_c0,0,1.0,,,,1.0,1.0,0.0,
donut,392_c1,1,4.0,,3.0,,,3.5,0.7071067811865476,
donut,392_c2,2,,,,,,,,
donut,392_c3,3,3.0,,,0.0,,1.5,2.1213203435596424,
donut,395_c0,0,,,,,,,,
donut,395_c1,1,,,,4.0,,4.0,,
donut,395_c2,2,,,,,,,,
donut,395_c3,3,0.0,,,,1.0,0.5,0.7071067811865476,
donut,39_c0,0,2.0,2.0,,,,2.0,0.0,
donut,39_c1,1,,2.0,,1.0,2.5,1.8333333333333333,0.7637626158259733,
donut,39_c2,2,,,,,2.0,2.0,,
donut,39_c3,3,,2.0,,,,2.0,,
donut,400_c0,0,,,,,,,,
donut,400_c1,1,,,2.0,,3.0,2.5,0.7071067811865476,
donut,400_c2,2,,,,,,,,
donut,400_c3,3,,,,,,,,
donut,405_c0,0,2.5,,,,,2.5,,
donut,405_c1,1,,,,,,,,
donut,405_c2,2,,,,2.5,,2.5,,
donut,405_c3,3,,,,,,,,
donut,410_c0,0,,,,,,,,
donut,410_c1,1,,,,1.0,,1.0,,
donut,410_c2,2,,,,,,,,
donut,410_c3,3,,,,,,,,
donut,420_c0,0,2.0,,2.0,2.0,2.0,2.0,0.0,
donut,420_c1,1,,1.0,1.0,,,1.0,0.0,
donut,420_c2,2,,2.5,2.0,,2.0,2.1666666666666665,0.2886751345948129,
donut,420_c3,3,,2.5,,2.5,2.5,2.5,0.0,
donut,422_c0,0,,,,,,,,
donut,422_c1,1,,,,,,,,
donut,422_c2,2,,,,,,,,
donut,422_c3,3,,,,,,,,
donut,432_c0,0,,,,,,,,
donut,432_c1,1,1.0,,2.0,1.0,,1.3333333333333333,0.5773502691896257,
donut,432_c2,2,,,,,2.0,2.0,,
donut,432_c3,3,,,,,,,,
donut,440_c0,0,,,0.0,2.5,,1.25,1.7677669529663689,
donut,440_c1,1,,2.0,1.0,1.0,,1.3333333333333333,0.5773502691896257,
donut,440_c2,2,2.0,,2.0,0.0,,1.3333333333333333,1.1547005383792517,
donut,440_c3,3,,,,2.5,2.0,2.25,0.3535533905932738,
donut,441_c0,0,,2.0,,2.5,0.0,1.5,1.3228756555322954,
donut,441_c1,1,2.0,2.0,2.5,2.0,2.5,2.2,0.27386127875258304,0.5
donut,441_c2,2,,,2.0,,,2.0,,
donut,441_c3,3,2.5,2.5,,2.5,,2.5,0.0,
donut,443_c0,0,2.0,,2.0,2.0,1.0,1.75,0.5,
donut,443_c1,1,,,0.0,2.5,2.0,1.5,1.3228756555322954,
donut,443_c2,2,2.5,2.0,1.0,,2.5,2.0,0.7071067811865476,
donut,443_c3,3,,2.0,1.0,,1.0,1.3333333333333333,0.5773502691896257,
donut,463_c0,0,2.0,2.0,,,2.5,2.1666666666666665,0.2886751345948129,
donut,463_c1,1,,2.0,,2.0,,2.0,0.0,
donut,463_c2,2,0.0,,,2.5,2.5,1.6666666666666667,1.4433756729740645,
donut,463_c3,3,,,,,,,,
donut,469_c0,0,,,,,,,,
donut,469_c1,1,,,,,,,,
donut,469_c2,2,,,,,,,,
donut,469_ex,3,,,,,,,,
donut,470_c0,0,,,,,2.0,2.0,,
donut,470_c1,1,2.0,,,,,2.0,,
donut,470_c2,2,,,,,,,,
donut,470_ex,3,,,,,2.0,2.0,,
donut,475_c0,0,2.5,2.5,,,2.5,2.5,0.0,
donut,475_c1,1,,1.0,0.0,,2.0,1.0,1.0,
donut,475_c2,2,,,2.5,,,2.5,,
donut,475_ex,3,2.5,2.0,,1.0,,1.8333333333333333,0.7637626158259733,
donut,479_c0,0,,,,,,,,
donut,479_c1,1,,,1.0,,2.0,1.5,0.7071067811865476,
donut,479_c2,2,,,,,,,,
donut,479_ex,3,,,,1.0,,1.0,,
donut,481_c0,0,2.5,3.0,,2.5,,2.6666666666666665,0.2886751345948129,
donut,481_c1,1,,,2.5,2.0,0.0,1.5,1.3228756555322954,
donut,481_c2,2,,2.0,2.5,,2.0,2.1666666666666665,0.2886751345948129,
donut,481_ex,3,,1.0,2.5,2.0,0.0,1.375,1.1086778913041726,
donut,75_c0,0,2.0,2.0,2.0,,2.5,2.125,0.25,
donut,75_c1,1,2.0,2.0,1.0,2.5,,1.875,0.6291528696058958,
donut,75_c2,2,2.5,,2.0,,,2.25,0.3535533905932738,
donut,75_c3,3,2.0,,,,2.0,2.0,0.0,
donut,99_c0,0,0.0,,,,0.0,0.0,0.0,
donut,99_c1,1,,,0.0,,1.0,0.5,0.7071067811865476,
donut,99_c2,2,0.0,3.0,2.5,2.0,,1.875,1.3149778198382918,
donut,99_c3,3,,3.0,0.0,0.0,,1.0,1.7320508075688772,
